group,outcome,better,feature,n,rho,partial_rho
WR,starts_per_season,true,combine_height,107,0.01843688160034483,0.09758852954182778
WR,starts_per_season,true,combine_weight,107,0.03848037775034777,0.07188264631215151
WR,starts_per_season,true,hand_size,107,0.011354062579595994,0.1196779888275244
WR,starts_per_season,true,arm_length,107,0.02113089990007641,0.10968677062868368
WR,starts_per_season,true,wing_span,107,-0.024157996825956624,0.1238901966159336
WR,starts_per_season,true,ten_yd_split,97,-0.22571270776351773,-0.1575798142252106
WR,starts_per_season,true,forty,97,-0.23026246581106669,0.06594537942966437
WR,starts_per_season,true,vertical,96,0.3874932175800326,0.11697562003904514
WR,starts_per_season,true,broad_jump,95,0.33765397536394176,0.1974101019786141
WR,starts_per_season,true,three_cone,33,-0.5738636363636364,-0.3950463234684841
WR,starts_per_season,true,short_shuttle,38,-0.410219936535726,-0.11394005823462053
WR,starts_per_season,true,bench_reps,28,0.07881773399014778,0.09892872297170353
WR,starts_per_season,true,ngs_athleticism_score,107,0.3569231372088011,0.06579714156736727
WR,starts_per_season,true,SLANT_ROUTE_LEFT__duration,107,0.03710887752502988,-0.06965474344371203
WR,starts_per_season,true,FORTY_YARD_DASH__duration,94,-0.19427807679803488,-0.09543245830787205
WR,starts_per_season,true,GO_ROUTE_RIGHT__duration,98,-0.12835912246810624,-0.00006442861488994271
WR,starts_per_season,true,COMEBACK_ROUTE_RIGHT__duration,98,-0.2952584970258018,-0.12460088564651393
WR,starts_per_season,true,OVER_SHOULDER_ADJUST__duration,100,-0.09569756975697569,-0.08266557469662113
WR,starts_per_season,true,SPEED_OUT_ROUTE_LEFT__duration,107,-0.08599306412743196,-0.034579592095660264
WR,starts_per_season,true,POST_CORNER_ROUTE_RIGHT__duration,96,-0.02003526858383071,0.0030056107701075517
WR,starts_per_season,true,CURL_ROUTE_RIGHT__duration,103,0.1995013838246277,-0.011122770817203144
WR,starts_per_season,true,CIRCUS_ROUTE_LEFT__duration,37,-0.019203413940256042,-0.01336996163445408
WR,starts_per_season,true,SLOT_SAIL_ROUTE_RIGHT__duration,98,0.0636727043207161,0.16556735309808568
WR,starts_per_season,true,SLOT_STRIKE_ROUTE_LEFT__duration,101,0.03323238206173559,0.034625040681190065
WR,starts_per_season,true,GAUNTLET_DRILL__duration,107,-0.18687670212974392,-0.15095833681279477
WR,starts_per_season,true,DAGGER_ROUTE_LEFT__duration,107,0.02185583573345873,0.02839507295332721
WR,starts_per_season,true,RED_ZONE_FADE_RIGHT__duration,98,0.12712226408839072,0.10968145018595522
WR,starts_per_season,true,SHORT_SHUTTLE__duration,29,-0.051724137931034475,-0.1328640331442475
WR,starts_per_season,true,POST_CORNER_ROUTE_LEFT__duration,70,-0.18085906744816727,-0.06239078207818253
WR,starts_per_season,true,SLANT_ROUTE_LEFT__distance,107,0.11791963008679637,-0.03489222905535601
WR,starts_per_season,true,FORTY_YARD_DASH__distance,94,0.02079976881118376,0.04371904739883633
WR,starts_per_season,true,GO_ROUTE_RIGHT__distance,98,-0.10813585040389163,0.022354945254904224
WR,starts_per_season,true,COMEBACK_ROUTE_RIGHT__distance,98,-0.19817148977679166,-0.03562122873549051
WR,starts_per_season,true,OVER_SHOULDER_ADJUST__distance,100,-0.03242724272427242,-0.0970564689690917
WR,starts_per_season,true,SPEED_OUT_ROUTE_LEFT__distance,107,-0.14080409098924354,-0.1027489972738211
WR,starts_per_season,true,POST_CORNER_ROUTE_RIGHT__distance,96,-0.099145415084102,-0.006489412273437468
WR,starts_per_season,true,CURL_ROUTE_RIGHT__distance,103,0.2967864516979309,0.11964444163256835
WR,starts_per_season,true,CIRCUS_ROUTE_LEFT__distance,37,-0.05452821242294926,-0.005578798409430261
WR,starts_per_season,true,SLOT_SAIL_ROUTE_RIGHT__distance,98,-0.02262685767840407,0.07223226649718094
WR,starts_per_season,true,SLOT_STRIKE_ROUTE_LEFT__distance,101,0.10514851485148513,0.04731763430555805
WR,starts_per_season,true,GAUNTLET_DRILL__distance,107,-0.10950449656145302,-0.03371285343402307
WR,starts_per_season,true,DAGGER_ROUTE_LEFT__distance,107,0.12027077333019848,0.03553939597567317
WR,starts_per_season,true,RED_ZONE_FADE_RIGHT__distance,98,0.045323846502049736,0.0409717276680254
WR,starts_per_season,true,SHORT_SHUTTLE__distance,29,-0.11871921182266006,-0.09466959430063443
WR,starts_per_season,true,POST_CORNER_ROUTE_LEFT__distance,70,-0.07570641238736768,0.010715933413880226
WR,starts_per_season,true,SLANT_ROUTE_LEFT__peak_speed,107,0.20286447618487824,-0.07778842776781641
WR,starts_per_season,true,FORTY_YARD_DASH__peak_speed,94,0.17280641548965067,-0.05738090392907091
WR,starts_per_season,true,GO_ROUTE_RIGHT__peak_speed,98,0.24235411127900083,0.06368425517033309
WR,starts_per_season,true,COMEBACK_ROUTE_RIGHT__peak_speed,98,0.23101836798449463,0.06084833239054317
WR,starts_per_season,true,OVER_SHOULDER_ADJUST__peak_speed,100,0.07757575757575756,0.03680163569043712
WR,starts_per_season,true,SPEED_OUT_ROUTE_LEFT__peak_speed,107,-0.14839632437939618,-0.07332079313992075
WR,starts_per_season,true,POST_CORNER_ROUTE_RIGHT__peak_speed,96,0.04013836136733586,0.05928131989263821
WR,starts_per_season,true,CURL_ROUTE_RIGHT__peak_speed,103,0.13903044414180907,0.20313490884261656
WR,starts_per_season,true,CIRCUS_ROUTE_LEFT__peak_speed,37,-0.07278330962541488,-0.08942784051441655
WR,starts_per_season,true,SLOT_SAIL_ROUTE_RIGHT__peak_speed,98,-0.03570950404529197,0.04835860696268173
WR,starts_per_season,true,SLOT_STRIKE_ROUTE_LEFT__peak_speed,101,-0.05824111822947,-0.0393167075278006
WR,starts_per_season,true,GAUNTLET_DRILL__peak_speed,107,0.13584709731773742,0.15196111552212827
WR,starts_per_season,true,DAGGER_ROUTE_LEFT__peak_speed,107,0.08958835400380101,-0.0044823355452597476
WR,starts_per_season,true,RED_ZONE_FADE_RIGHT__peak_speed,98,-0.06779131521399562,-0.13622306552493693
WR,starts_per_season,true,SHORT_SHUTTLE__peak_speed,29,-0.003940886699507388,0.0038886274486187398
WR,starts_per_season,true,POST_CORNER_ROUTE_LEFT__peak_speed,70,0.15408975592686555,0.0444208235010489
WR,starts_per_season,true,SLANT_ROUTE_LEFT__mean_speed,107,0.21269029565626288,0.010268046787085093
WR,starts_per_season,true,FORTY_YARD_DASH__mean_speed,94,0.20735469421666725,0.11599912874719764
WR,starts_per_season,true,GO_ROUTE_RIGHT__mean_speed,98,0.0897487392332753,0.02870300958223854
WR,starts_per_season,true,COMEBACK_ROUTE_RIGHT__mean_speed,98,0.13873853196386332,-0.008136493684743798
WR,starts_per_season,true,OVER_SHOULDER_ADJUST__mean_speed,100,0.09256525652565256,0.0710874232316665
WR,starts_per_season,true,SPEED_OUT_ROUTE_LEFT__mean_speed,107,-0.16681361311937928,-0.15043548587376207
WR,starts_per_season,true,POST_CORNER_ROUTE_RIGHT__mean_speed,96,-0.1258274552360282,-0.015583132232939133
WR,starts_per_season,true,CURL_ROUTE_RIGHT__mean_speed,103,0.24469533892720646,0.17273679523178748
WR,starts_per_season,true,CIRCUS_ROUTE_LEFT__mean_speed,37,0.11593172119487906,0.22085080161766785
WR,starts_per_season,true,SLOT_SAIL_ROUTE_RIGHT__mean_speed,98,-0.04134549789925341,-0.05944298524134552
WR,starts_per_season,true,SLOT_STRIKE_ROUTE_LEFT__mean_speed,101,0.20935352358765286,0.09384024428251594
WR,starts_per_season,true,GAUNTLET_DRILL__mean_speed,107,0.16738180606986816,0.13996230215073696
WR,starts_per_season,true,DAGGER_ROUTE_LEFT__mean_speed,107,0.09260565449950038,-0.04052525226437228
WR,starts_per_season,true,RED_ZONE_FADE_RIGHT__mean_speed,98,-0.1051520889517944,-0.07707381786887542
WR,starts_per_season,true,SHORT_SHUTTLE__mean_speed,29,-0.08078817733990146,0.04802832792902442
WR,starts_per_season,true,POST_CORNER_ROUTE_LEFT__mean_speed,70,0.1818738518064911,0.12423437163223244
WR,starts_per_season,true,SLANT_ROUTE_LEFT__peak_accel,107,0.11911479456885912,0.05848889596989484
WR,starts_per_season,true,FORTY_YARD_DASH__peak_accel,94,0.19450926561427592,0.03634227589579971
WR,starts_per_season,true,GO_ROUTE_RIGHT__peak_accel,98,0.11847700654769873,0.10157749782345016
WR,starts_per_season,true,COMEBACK_ROUTE_RIGHT__peak_accel,98,0.15207620067708433,0.08995788155431425
WR,starts_per_season,true,OVER_SHOULDER_ADJUST__peak_accel,100,-0.07455145514551455,0.030100812364923683
WR,starts_per_season,true,SPEED_OUT_ROUTE_LEFT__peak_accel,107,0.11679304061599953,0.09773520555543867
WR,starts_per_season,true,POST_CORNER_ROUTE_RIGHT__peak_accel,96,-0.006280520889853499,-0.23985980228593262
WR,starts_per_season,true,CURL_ROUTE_RIGHT__peak_accel,103,0.2105280499055485,0.14507584608468715
WR,starts_per_season,true,CIRCUS_ROUTE_LEFT__peak_accel,37,0.07752489331436699,0.19197852623602008
WR,starts_per_season,true,SLOT_SAIL_ROUTE_RIGHT__peak_accel,98,0.17468393167951338,0.1944832518508245
WR,starts_per_season,true,SLOT_STRIKE_ROUTE_LEFT__peak_accel,101,0.13430401863715782,0.04737312693218785
WR,starts_per_season,true,GAUNTLET_DRILL__peak_accel,107,0.08894178961186543,0.12081440120972219
WR,starts_per_season,true,DAGGER_ROUTE_LEFT__peak_accel,107,0.25726405297909444,0.20944806009782993
WR,starts_per_season,true,RED_ZONE_FADE_RIGHT__peak_accel,98,0.11961185598888101,0.08393814684393815
WR,starts_per_season,true,SHORT_SHUTTLE__peak_accel,29,-0.013300492610837433,-0.14078291975164778
WR,starts_per_season,true,POST_CORNER_ROUTE_LEFT__peak_accel,70,0.15188522438981714,0.14984293701609872
WR,starts_per_season,true,SLANT_ROUTE_LEFT__peak_long_accel,107,0.14360587002096434,0.11135453732566225
WR,starts_per_season,true,FORTY_YARD_DASH__peak_long_accel,94,0.2044214861106094,0.03711143749857724
WR,starts_per_season,true,GO_ROUTE_RIGHT__peak_long_accel,98,0.07287901102334092,0.007463632046727923
WR,starts_per_season,true,COMEBACK_ROUTE_RIGHT__peak_long_accel,98,-0.0168250992993261,0.01914640275354515
WR,starts_per_season,true,OVER_SHOULDER_ADJUST__peak_long_accel,100,-0.10057005700570056,0.013902181686440196
WR,starts_per_season,true,SPEED_OUT_ROUTE_LEFT__peak_long_accel,107,0.04256548913575893,-0.06073985018818655
WR,starts_per_season,true,POST_CORNER_ROUTE_RIGHT__peak_long_accel,96,0.09008410200759631,-0.09516848520635303
WR,starts_per_season,true,CURL_ROUTE_RIGHT__peak_long_accel,103,0.10775161446206565,-0.07140757172673387
WR,starts_per_season,true,CIRCUS_ROUTE_LEFT__peak_long_accel,37,0.15362731152204834,0.1552132482833234
WR,starts_per_season,true,SLOT_SAIL_ROUTE_RIGHT__peak_long_accel,98,0.13875128308117998,0.039406944712655205
WR,starts_per_season,true,SLOT_STRIKE_ROUTE_LEFT__peak_long_accel,101,0.008829353523587652,-0.04744911385974823
WR,starts_per_season,true,GAUNTLET_DRILL__peak_long_accel,107,0.10025666647073807,0.09499981794274198
WR,starts_per_season,true,DAGGER_ROUTE_LEFT__peak_long_accel,107,0.018652403064323357,-0.021944513551007988
WR,starts_per_season,true,RED_ZONE_FADE_RIGHT__peak_long_accel,98,0.06380021549388265,0.0531974348763078
WR,starts_per_season,true,SHORT_SHUTTLE__peak_long_accel,29,0.13054187192118222,0.19260638917942638
WR,starts_per_season,true,POST_CORNER_ROUTE_LEFT__peak_long_accel,70,0.2226051963957659,0.2615313953801115
WR,starts_per_season,true,SLANT_ROUTE_LEFT__peak_long_decel,107,-0.008013479887928839,0.07523573190242377
WR,starts_per_season,true,FORTY_YARD_DASH__peak_long_decel,94,-0.02919481270093559,-0.061212854765440965
WR,starts_per_season,true,GO_ROUTE_RIGHT__peak_long_decel,98,0.22242411491306924,0.0933155011556289
WR,starts_per_season,true,COMEBACK_ROUTE_RIGHT__peak_long_decel,98,0.002862625837589018,0.05594822640904795
WR,starts_per_season,true,OVER_SHOULDER_ADJUST__peak_long_decel,100,-0.05026102610261025,-0.022790292171939702
WR,starts_per_season,true,SPEED_OUT_ROUTE_LEFT__peak_long_decel,107,0.135749133015929,0.14063857079972866
WR,starts_per_season,true,POST_CORNER_ROUTE_RIGHT__peak_long_decel,96,0.28397992403689637,0.10490643188580336
WR,starts_per_season,true,CURL_ROUTE_RIGHT__peak_long_decel,103,0.13427491982603346,0.10977555644923763
WR,starts_per_season,true,CIRCUS_ROUTE_LEFT__peak_long_decel,37,0.07373162636320531,0.053988177119617786
WR,starts_per_season,true,SLOT_SAIL_ROUTE_RIGHT__peak_long_decel,98,-0.018801522483407607,-0.036736463357424975
WR,starts_per_season,true,SLOT_STRIKE_ROUTE_LEFT__peak_long_decel,101,-0.04211997670355271,-0.027137440358417284
WR,starts_per_season,true,GAUNTLET_DRILL__peak_long_decel,107,-0.07987029526440566,0.04592988421080802
WR,starts_per_season,true,DAGGER_ROUTE_LEFT__peak_long_decel,107,0.17099668880659888,0.2045310551326372
WR,starts_per_season,true,RED_ZONE_FADE_RIGHT__peak_long_decel,98,0.09315328755682215,0.010073230732994334
WR,starts_per_season,true,SHORT_SHUTTLE__peak_long_decel,29,0.0669950738916256,-0.05417423266667857
WR,starts_per_season,true,POST_CORNER_ROUTE_LEFT__peak_long_decel,70,0.019473361910593998,0.06259356463879952
WR,starts_per_season,true,SLANT_ROUTE_LEFT__time_to_peak_speed,107,-0.018936499539567782,-0.11900180801427139
WR,starts_per_season,true,FORTY_YARD_DASH__time_to_peak_speed,94,-0.10808799624318173,-0.0939022410917937
WR,starts_per_season,true,GO_ROUTE_RIGHT__time_to_peak_speed,98,0.0065094453901523115,-0.01983768273743921
WR,starts_per_season,true,COMEBACK_ROUTE_RIGHT__time_to_peak_speed,98,-0.08732602694311088,-0.13416251435221416
WR,starts_per_season,true,OVER_SHOULDER_ADJUST__time_to_peak_speed,100,-0.007572757275727572,-0.13193733916072284
WR,starts_per_season,true,SPEED_OUT_ROUTE_LEFT__time_to_peak_speed,107,-0.21917553243598034,-0.12239462571759417
WR,starts_per_season,true,POST_CORNER_ROUTE_RIGHT__time_to_peak_speed,96,-0.0684753119913185,-0.09383621669266938
WR,starts_per_season,true,CURL_ROUTE_RIGHT__time_to_peak_speed,103,0.18251109256249176,0.1440987555379997
WR,starts_per_season,true,CIRCUS_ROUTE_LEFT__time_to_peak_speed,37,-0.10787102892366049,-0.04768079140912256
WR,starts_per_season,true,SLOT_SAIL_ROUTE_RIGHT__time_to_peak_speed,98,-0.004214244273154435,0.2173042233929116
WR,starts_per_season,true,SLOT_STRIKE_ROUTE_LEFT__time_to_peak_speed,101,-0.017926616191030864,0.09837055138759607
WR,starts_per_season,true,GAUNTLET_DRILL__time_to_peak_speed,107,-0.05010874037500736,-0.15219568220363316
WR,starts_per_season,true,DAGGER_ROUTE_LEFT__time_to_peak_speed,107,0.05995415270675365,0.0830313153624425
WR,starts_per_season,true,RED_ZONE_FADE_RIGHT__time_to_peak_speed,98,-0.06520283839871467,-0.17047398883043247
WR,starts_per_season,true,SHORT_SHUTTLE__time_to_peak_speed,29,-0.09999999999999998,-0.09954049889786484
WR,starts_per_season,true,POST_CORNER_ROUTE_LEFT__time_to_peak_speed,70,0.01779371883474762,-0.028095505569547517
WR,starts_per_season,true,SLANT_ROUTE_LEFT__total_turn_deg,107,0.07494269088344208,-0.020019523339492452
WR,starts_per_season,true,FORTY_YARD_DASH__total_turn_deg,94,0.0067839468265722645,0.025953814754590552
WR,starts_per_season,true,GO_ROUTE_RIGHT__total_turn_deg,98,0.057832692589688164,0.0305004623618982
WR,starts_per_season,true,COMEBACK_ROUTE_RIGHT__total_turn_deg,98,-0.042620609630918904,0.028390283667139207
WR,starts_per_season,true,OVER_SHOULDER_ADJUST__total_turn_deg,100,-0.0631023102310231,-0.11952800274577202
WR,starts_per_season,true,SPEED_OUT_ROUTE_LEFT__total_turn_deg,107,-0.0064754403495366295,0.034250324789980975
WR,starts_per_season,true,POST_CORNER_ROUTE_RIGHT__total_turn_deg,96,0.1333288117200217,-0.017270985133192834
WR,starts_per_season,true,CURL_ROUTE_RIGHT__total_turn_deg,103,0.3131946579976277,0.20241066899860619
WR,starts_per_season,true,CIRCUS_ROUTE_LEFT__total_turn_deg,37,-0.1645329540066382,-0.1288893136370205
WR,starts_per_season,true,SLOT_SAIL_ROUTE_RIGHT__total_turn_deg,98,0.0531020280652092,0.08580430497796389
WR,starts_per_season,true,SLOT_STRIKE_ROUTE_LEFT__total_turn_deg,101,0.18774606872451952,0.16131054838734268
WR,starts_per_season,true,GAUNTLET_DRILL__total_turn_deg,107,-0.1492486138051294,-0.01901535579330299
WR,starts_per_season,true,DAGGER_ROUTE_LEFT__total_turn_deg,107,0.10753541409510374,0.021277381025225986
WR,starts_per_season,true,RED_ZONE_FADE_RIGHT__total_turn_deg,98,0.06480755376189838,0.043004407154920696
WR,starts_per_season,true,SHORT_SHUTTLE__total_turn_deg,29,0.20197044334975364,0.31711791501274367
WR,starts_per_season,true,POST_CORNER_ROUTE_LEFT__total_turn_deg,70,0.00418161140757589,0.08080190923970103
WR,starts_per_season,true,SLANT_ROUTE_LEFT__peak_ang_vel,107,-0.058034052391308606,-0.04028743894917826
WR,starts_per_season,true,FORTY_YARD_DASH__peak_ang_vel,94,-0.02059747859697287,0.06559375053455278
WR,starts_per_season,true,GO_ROUTE_RIGHT__peak_ang_vel,98,0.0698569962192937,0.09920420778416592
WR,starts_per_season,true,COMEBACK_ROUTE_RIGHT__peak_ang_vel,98,0.14121224872329438,0.03561713089513745
WR,starts_per_season,true,OVER_SHOULDER_ADJUST__peak_ang_vel,100,-0.028214821482148215,-0.10852076509493207
WR,starts_per_season,true,SPEED_OUT_ROUTE_LEFT__peak_ang_vel,107,0.05955249906933913,0.2013694182451256
WR,starts_per_season,true,POST_CORNER_ROUTE_RIGHT__peak_ang_vel,96,0.05625339120998372,-0.13059759549960095
WR,starts_per_season,true,CURL_ROUTE_RIGHT__peak_ang_vel,103,0.1983372138997496,0.16947783648273457
WR,starts_per_season,true,CIRCUS_ROUTE_LEFT__peak_ang_vel,37,-0.07586533902323375,-0.05242580077419457
WR,starts_per_season,true,SLOT_SAIL_ROUTE_RIGHT__peak_ang_vel,98,-0.00999050041759909,-0.011597217255744842
WR,starts_per_season,true,SLOT_STRIKE_ROUTE_LEFT__peak_ang_vel,101,0.18237623762376237,0.14386007261254316
WR,starts_per_season,true,GAUNTLET_DRILL__peak_ang_vel,107,0.03454221281764925,0.1198008272468264
WR,starts_per_season,true,DAGGER_ROUTE_LEFT__peak_ang_vel,107,0.27614177393757716,0.30086108571992703
WR,starts_per_season,true,RED_ZONE_FADE_RIGHT__peak_ang_vel,98,-0.009365695669083001,-0.06481720625555545
WR,starts_per_season,true,SHORT_SHUTTLE__peak_ang_vel,29,0.1532019704433497,0.21973768657176382
WR,starts_per_season,true,POST_CORNER_ROUTE_LEFT__peak_ang_vel,70,-0.0486571603534249,0.038285506689105624
WR,starts_per_season,true,SLANT_ROUTE_LEFT__speed_at_peak_turn,107,-0.12712827445678793,0.020123611026637844
WR,starts_per_season,true,FORTY_YARD_DASH__speed_at_peak_turn,94,-0.21442040241303328,-0.18408248676985906
WR,starts_per_season,true,GO_ROUTE_RIGHT__speed_at_peak_turn,98,-0.14450203699099132,-0.13729868652515434
WR,starts_per_season,true,COMEBACK_ROUTE_RIGHT__speed_at_peak_turn,98,-0.04073344426805398,-0.04235215744694261
WR,starts_per_season,true,OVER_SHOULDER_ADJUST__speed_at_peak_turn,100,-0.04794479447944794,-0.13490327092390972
WR,starts_per_season,true,SPEED_OUT_ROUTE_LEFT__speed_at_peak_turn,107,-0.04918787593800819,-0.16735221246212212
WR,starts_per_season,true,POST_CORNER_ROUTE_RIGHT__speed_at_peak_turn,96,0.09675800325556158,0.1021884856653936
WR,starts_per_season,true,CURL_ROUTE_RIGHT__speed_at_peak_turn,103,-0.06005359574748496,-0.047281854990973274
WR,starts_per_season,true,CIRCUS_ROUTE_LEFT__speed_at_peak_turn,37,0.1434329065908013,0.1509764447832743
WR,starts_per_season,true,SLOT_SAIL_ROUTE_RIGHT__speed_at_peak_turn,98,0.07151464147045884,0.05027229578444575
WR,starts_per_season,true,SLOT_STRIKE_ROUTE_LEFT__speed_at_peak_turn,101,-0.054362259755387304,-0.05198822234487082
WR,starts_per_season,true,GAUNTLET_DRILL__speed_at_peak_turn,107,0.1098277787574208,-0.009130532511314592
WR,starts_per_season,true,DAGGER_ROUTE_LEFT__speed_at_peak_turn,107,-0.07853798075981114,-0.1843686725481653
WR,starts_per_season,true,RED_ZONE_FADE_RIGHT__speed_at_peak_turn,98,0.14051093727087835,0.09904442308138
WR,starts_per_season,true,SHORT_SHUTTLE__speed_at_peak_turn,29,0.5078817733990146,0.38660980919092625
WR,starts_per_season,true,POST_CORNER_ROUTE_LEFT__speed_at_peak_turn,70,0.23163327792844018,0.13428716130085935
WR,starts_per_season,true,FORTY_YARD_DASH__split_2,94,-0.06276053895892787,-0.037982512080630124
WR,starts_per_season,true,FORTY_YARD_DASH__split_5,94,-0.09576274247733264,-0.025756694489962425
WR,starts_per_season,true,FORTY_YARD_DASH__split_10,94,-0.13013762959216849,-0.023507729404894134
WR,starts_per_season,true,FORTY_YARD_DASH__split_20,94,-0.18257414297583352,-0.03308065211893554
WR,starts_per_season,true,FORTY_YARD_DASH__split_40,94,-0.2643427374200773,-0.04377477811170282
WR,starts_per_season,true,FORTY_YARD_DASH__flying_10_speed,94,0.17784922154390784,-0.062357827204500345
WR,yards_per_route,true,combine_height,63,-0.04574692780337942,-0.09857608366897909
WR,yards_per_route,true,combine_weight,63,0.01944124423963134,-0.05486166303315915
WR,yards_per_route,true,hand_size,63,-0.12855222734254995,-0.06823657625643624
WR,yards_per_route,true,arm_length,63,-0.04310675883256529,-0.03757300253381325
WR,yards_per_route,true,wing_span,63,-0.07704493087557604,-0.06334252386918383
WR,yards_per_route,true,ten_yd_split,58,0.08400750561383002,0.10571818291820896
WR,yards_per_route,true,forty,58,-0.1025869759143622,0.04357400420203518
WR,yards_per_route,true,vertical,55,0.09451659451659454,0.03020002285105268
WR,yards_per_route,true,broad_jump,56,-0.007313738892686261,-0.035733092394212095
WR,yards_per_route,true,short_shuttle,25,-0.08923076923076922,0.23408853957992123
WR,yards_per_route,true,ngs_athleticism_score,63,-0.0014880952380952382,-0.1823827978402828
WR,yards_per_route,true,SLANT_ROUTE_LEFT__duration,63,-0.052803379416282645,-0.0017667791534816677
WR,yards_per_route,true,FORTY_YARD_DASH__duration,57,0.0035001296344309048,0.07480112391570298
WR,yards_per_route,true,GO_ROUTE_RIGHT__duration,56,-0.08578263841421736,-0.034205323946877725
WR,yards_per_route,true,COMEBACK_ROUTE_RIGHT__duration,56,-0.1166097060833903,-0.11183807078068816
WR,yards_per_route,true,OVER_SHOULDER_ADJUST__duration,60,-0.14787440955821066,-0.1492252436204419
WR,yards_per_route,true,SPEED_OUT_ROUTE_LEFT__duration,63,-0.034658218125960066,-0.08110134744177137
WR,yards_per_route,true,POST_CORNER_ROUTE_RIGHT__duration,55,-0.05317460317460318,-0.037529118710337976
WR,yards_per_route,true,CURL_ROUTE_RIGHT__duration,59,0.15517241379310348,0.02831108456244731
WR,yards_per_route,true,SLOT_SAIL_ROUTE_RIGHT__duration,57,0.19568317345086855,0.30657303085210086
WR,yards_per_route,true,SLOT_STRIKE_ROUTE_LEFT__duration,60,-0.13203667685468187,-0.15255717207401953
WR,yards_per_route,true,GAUNTLET_DRILL__duration,63,-0.142713133640553,-0.054280406690651366
WR,yards_per_route,true,DAGGER_ROUTE_LEFT__duration,63,-0.09331797235023043,-0.030260987590269028
WR,yards_per_route,true,RED_ZONE_FADE_RIGHT__duration,57,0.25687062483795703,0.2111370791422569
WR,yards_per_route,true,POST_CORNER_ROUTE_LEFT__duration,48,-0.21526270082501084,-0.09840954548296083
WR,yards_per_route,true,SLANT_ROUTE_LEFT__distance,63,0.0011520737327188942,-0.004087667174200458
WR,yards_per_route,true,FORTY_YARD_DASH__distance,57,0.2418330308529946,0.24446953277002026
WR,yards_per_route,true,GO_ROUTE_RIGHT__distance,56,-0.1258373205741627,-0.11867679685994686
WR,yards_per_route,true,COMEBACK_ROUTE_RIGHT__distance,56,-0.03212576896787423,-0.05407599312878076
WR,yards_per_route,true,OVER_SHOULDER_ADJUST__distance,60,-0.11475409836065577,-0.17328493849250626
WR,yards_per_route,true,SPEED_OUT_ROUTE_LEFT__distance,63,-0.00408026113671275,-0.011229913398141451
WR,yards_per_route,true,POST_CORNER_ROUTE_RIGHT__distance,55,-0.10512265512265516,-0.11311676574524565
WR,yards_per_route,true,CURL_ROUTE_RIGHT__distance,59,0.19766218585622447,0.10316798818976583
WR,yards_per_route,true,SLOT_SAIL_ROUTE_RIGHT__distance,57,0.2196007259528131,0.2651604581225255
WR,yards_per_route,true,SLOT_STRIKE_ROUTE_LEFT__distance,60,0.07979994442900808,-0.021772703787764715
WR,yards_per_route,true,GAUNTLET_DRILL__distance,63,-0.08458141321044547,0.05959212955549698
WR,yards_per_route,true,DAGGER_ROUTE_LEFT__distance,63,-0.04829109062980031,-0.12477828115442582
WR,yards_per_route,true,RED_ZONE_FADE_RIGHT__distance,57,-0.04485351309307752,-0.13516390860492036
WR,yards_per_route,true,POST_CORNER_ROUTE_LEFT__distance,48,0.07609639600521059,0.21065424049582154
WR,yards_per_route,true,SLANT_ROUTE_LEFT__peak_speed,63,0.08554147465437789,-0.015760236487454064
WR,yards_per_route,true,FORTY_YARD_DASH__peak_speed,57,0.014194970184080892,-0.09337187837849087
WR,yards_per_route,true,GO_ROUTE_RIGHT__peak_speed,56,0.1568010936431989,0.11216824644851257
WR,yards_per_route,true,COMEBACK_ROUTE_RIGHT__peak_speed,56,0.13902939166097059,0.09330234646039763
WR,yards_per_route,true,OVER_SHOULDER_ADJUST__peak_speed,60,-0.02828563489858294,-0.05945807474506371
WR,yards_per_route,true,SPEED_OUT_ROUTE_LEFT__peak_speed,63,0.07776497695852536,0.14070026052605353
WR,yards_per_route,true,POST_CORNER_ROUTE_RIGHT__peak_speed,55,0.019985569985569992,-0.0701934293509817
WR,yards_per_route,true,CURL_ROUTE_RIGHT__peak_speed,59,0.15593220338983052,0.174089071807157
WR,yards_per_route,true,SLOT_SAIL_ROUTE_RIGHT__peak_speed,57,0.12438423645320197,0.14675238048083647
WR,yards_per_route,true,SLOT_STRIKE_ROUTE_LEFT__peak_speed,60,0.15848846901917205,0.13005091957685264
WR,yards_per_route,true,GAUNTLET_DRILL__peak_speed,63,0.09802227342549924,0.08983631452798195
WR,yards_per_route,true,DAGGER_ROUTE_LEFT__peak_speed,63,0.21961405529953917,0.10099694295161755
WR,yards_per_route,true,RED_ZONE_FADE_RIGHT__peak_speed,57,-0.3071039668135857,-0.2930349637261433
WR,yards_per_route,true,POST_CORNER_ROUTE_LEFT__peak_speed,48,0.11669561441597916,0.13100845391693194
WR,yards_per_route,true,SLANT_ROUTE_LEFT__mean_speed,63,0.21274961597542244,0.1716029714045161
WR,yards_per_route,true,FORTY_YARD_DASH__mean_speed,57,-0.026510241120041484,-0.08206202848757016
WR,yards_per_route,true,GO_ROUTE_RIGHT__mean_speed,56,0.014764183185235818,-0.020008812221481858
WR,yards_per_route,true,COMEBACK_ROUTE_RIGHT__mean_speed,56,0.12030075187969926,0.11345428993618209
WR,yards_per_route,true,OVER_SHOULDER_ADJUST__mean_speed,60,0.12609058071686582,0.12188882864589953
WR,yards_per_route,true,SPEED_OUT_ROUTE_LEFT__mean_speed,63,0.19234831029185867,0.22542877562011382
WR,yards_per_route,true,POST_CORNER_ROUTE_RIGHT__mean_speed,55,-0.18196248196248202,-0.25550358059674994
WR,yards_per_route,true,CURL_ROUTE_RIGHT__mean_speed,59,0.1730566919929866,0.1481017655979517
WR,yards_per_route,true,SLOT_SAIL_ROUTE_RIGHT__mean_speed,57,0.045890588540316316,-0.01422407431805951
WR,yards_per_route,true,SLOT_STRIKE_ROUTE_LEFT__mean_speed,60,0.21906085023617675,0.14721050312469655
WR,yards_per_route,true,GAUNTLET_DRILL__mean_speed,63,0.11611943164362519,0.06913950428406013
WR,yards_per_route,true,DAGGER_ROUTE_LEFT__mean_speed,63,0.14146505376344087,-0.04364457011272808
WR,yards_per_route,true,RED_ZONE_FADE_RIGHT__mean_speed,57,-0.19963702359346644,-0.23476162066325038
WR,yards_per_route,true,POST_CORNER_ROUTE_LEFT__mean_speed,48,0.2367564046895354,0.2149612722651264
WR,yards_per_route,true,SLANT_ROUTE_LEFT__peak_accel,63,-0.0006240399385560676,0.009129279002275134
WR,yards_per_route,true,FORTY_YARD_DASH__peak_accel,57,-0.06585429089966297,-0.12340592222728808
WR,yards_per_route,true,GO_ROUTE_RIGHT__peak_accel,56,0.1630211893369788,0.15445716090252318
WR,yards_per_route,true,COMEBACK_ROUTE_RIGHT__peak_accel,56,0.13390293916609708,0.008392359983881647
WR,yards_per_route,true,OVER_SHOULDER_ADJUST__peak_accel,60,0.012836899138649627,0.0029338744007009073
WR,yards_per_route,true,SPEED_OUT_ROUTE_LEFT__peak_accel,63,0.05515552995391705,0.1061021001530635
WR,yards_per_route,true,POST_CORNER_ROUTE_RIGHT__peak_accel,55,0.1540404040404041,0.06662306059692907
WR,yards_per_route,true,CURL_ROUTE_RIGHT__peak_accel,59,0.06902396259497372,0.023727267846906066
WR,yards_per_route,true,SLOT_SAIL_ROUTE_RIGHT__peak_accel,57,0.3650505574280529,0.37107904636443206
WR,yards_per_route,true,SLOT_STRIKE_ROUTE_LEFT__peak_accel,60,-0.03084190052792443,-0.11375408376020091
WR,yards_per_route,true,GAUNTLET_DRILL__peak_accel,63,0.20103686635944704,0.26635132394025757
WR,yards_per_route,true,DAGGER_ROUTE_LEFT__peak_accel,63,0.15092165898617513,0.06554305039879721
WR,yards_per_route,true,RED_ZONE_FADE_RIGHT__peak_accel,57,-0.13384754990925593,-0.20806435006641588
WR,yards_per_route,true,POST_CORNER_ROUTE_LEFT__peak_accel,48,0.11561007381676074,0.10603193342732192
WR,yards_per_route,true,SLANT_ROUTE_LEFT__peak_long_accel,63,0.24851190476190477,0.20983080661574957
WR,yards_per_route,true,FORTY_YARD_DASH__peak_long_accel,57,-0.136764324604615,-0.21169281533651726
WR,yards_per_route,true,GO_ROUTE_RIGHT__peak_long_accel,56,0.0215311004784689,-0.01929309740684374
WR,yards_per_route,true,COMEBACK_ROUTE_RIGHT__peak_long_accel,56,-0.08448393711551608,-0.14923314637126786
WR,yards_per_route,true,OVER_SHOULDER_ADJUST__peak_long_accel,60,-0.0033898305084745766,0.0032783424504598075
WR,yards_per_route,true,SPEED_OUT_ROUTE_LEFT__peak_long_accel,63,-0.14016897081413213,-0.13702384351845287
WR,yards_per_route,true,POST_CORNER_ROUTE_RIGHT__peak_long_accel,55,0.20923520923520927,0.11015853360614221
WR,yards_per_route,true,CURL_ROUTE_RIGHT__peak_long_accel,59,0.1979544126241964,0.025936541431651396
WR,yards_per_route,true,SLOT_SAIL_ROUTE_RIGHT__peak_long_accel,57,0.25751879699248126,0.24727785002197608
WR,yards_per_route,true,SLOT_STRIKE_ROUTE_LEFT__peak_long_accel,60,-0.27051958877465965,-0.3887537893418301
WR,yards_per_route,true,GAUNTLET_DRILL__peak_long_accel,63,0.11083909370199693,0.1358834603700102
WR,yards_per_route,true,DAGGER_ROUTE_LEFT__peak_long_accel,63,-0.10248655913978497,-0.1406269207476305
WR,yards_per_route,true,RED_ZONE_FADE_RIGHT__peak_long_accel,57,-0.05373347161005963,-0.06681958449546888
WR,yards_per_route,true,POST_CORNER_ROUTE_LEFT__peak_long_accel,48,0.23143725575336518,0.29760244245924805
WR,yards_per_route,true,SLANT_ROUTE_LEFT__peak_long_decel,63,0.0893337173579109,0.25957380728756446
WR,yards_per_route,true,FORTY_YARD_DASH__peak_long_decel,57,0.048807363235675395,0.048874504229229926
WR,yards_per_route,true,GO_ROUTE_RIGHT__peak_long_decel,56,0.15468215994531784,0.098810551294054
WR,yards_per_route,true,COMEBACK_ROUTE_RIGHT__peak_long_decel,56,-0.04190020505809979,-0.174420395930197
WR,yards_per_route,true,OVER_SHOULDER_ADJUST__peak_long_decel,60,-0.1769936093359267,-0.2261879617466668
WR,yards_per_route,true,SPEED_OUT_ROUTE_LEFT__peak_long_decel,63,-0.05145929339477726,-0.06358840110798104
WR,yards_per_route,true,POST_CORNER_ROUTE_RIGHT__peak_long_decel,55,0.23694083694083698,0.17904629379358433
WR,yards_per_route,true,CURL_ROUTE_RIGHT__peak_long_decel,59,0.012741087083576857,-0.023684441796578595
WR,yards_per_route,true,SLOT_SAIL_ROUTE_RIGHT__peak_long_decel,57,0.04472387866217268,0.06304959046988787
WR,yards_per_route,true,SLOT_STRIKE_ROUTE_LEFT__peak_long_decel,60,-0.2236732425673799,-0.3467154852575257
WR,yards_per_route,true,GAUNTLET_DRILL__peak_long_decel,63,-0.06893241167434716,0.04466750024475519
WR,yards_per_route,true,DAGGER_ROUTE_LEFT__peak_long_decel,63,-0.052275345622119815,0.014196343746454338
WR,yards_per_route,true,RED_ZONE_FADE_RIGHT__peak_long_decel,57,0.07920663728286233,0.005840975736937536
WR,yards_per_route,true,POST_CORNER_ROUTE_LEFT__peak_long_decel,48,-0.07544507164567955,0.003275841729360508
WR,yards_per_route,true,SLANT_ROUTE_LEFT__time_to_peak_speed,63,-0.19090821812596007,-0.15426040395744237
WR,yards_per_route,true,FORTY_YARD_DASH__time_to_peak_speed,57,-0.12075447238786621,-0.10733417662469034
WR,yards_per_route,true,GO_ROUTE_RIGHT__time_to_peak_speed,56,0.046753246753246755,0.06572407896249916
WR,yards_per_route,true,COMEBACK_ROUTE_RIGHT__time_to_peak_speed,56,-0.03636363636363637,0.0005181135162240105
WR,yards_per_route,true,OVER_SHOULDER_ADJUST__time_to_peak_speed,60,0.07429841622672967,0.12216848011002641
WR,yards_per_route,true,SPEED_OUT_ROUTE_LEFT__time_to_peak_speed,63,-0.10786290322580645,0.04240901104560294
WR,yards_per_route,true,POST_CORNER_ROUTE_RIGHT__time_to_peak_speed,55,-0.20137085137085142,-0.15055616716850057
WR,yards_per_route,true,CURL_ROUTE_RIGHT__time_to_peak_speed,59,0.1686732904734074,0.1278257789850337
WR,yards_per_route,true,SLOT_SAIL_ROUTE_RIGHT__time_to_peak_speed,57,-0.09275343531241899,0.034073682213774076
WR,yards_per_route,true,SLOT_STRIKE_ROUTE_LEFT__time_to_peak_speed,60,-0.12870241733814952,-0.11277834533426202
WR,yards_per_route,true,GAUNTLET_DRILL__time_to_peak_speed,63,-0.05145929339477726,-0.12629843785362269
WR,yards_per_route,true,DAGGER_ROUTE_LEFT__time_to_peak_speed,63,0.19652457757296468,0.12806126537110407
WR,yards_per_route,true,RED_ZONE_FADE_RIGHT__time_to_peak_speed,57,-0.1365050557428053,-0.09670229704034608
WR,yards_per_route,true,POST_CORNER_ROUTE_LEFT__time_to_peak_speed,48,0.018562744246634823,0.024094047672834355
WR,yards_per_route,true,SLANT_ROUTE_LEFT__total_turn_deg,63,-0.12581605222734255,-0.05682513508013029
WR,yards_per_route,true,FORTY_YARD_DASH__total_turn_deg,57,0.1772750842623801,0.2399502304271771
WR,yards_per_route,true,GO_ROUTE_RIGHT__total_turn_deg,56,0.2696514012303486,0.2771507287604525
WR,yards_per_route,true,COMEBACK_ROUTE_RIGHT__total_turn_deg,56,0.08462064251537936,0.08864990655198682
WR,yards_per_route,true,OVER_SHOULDER_ADJUST__total_turn_deg,60,-0.18688524590163938,-0.2905561974003925
WR,yards_per_route,true,SPEED_OUT_ROUTE_LEFT__total_turn_deg,63,-0.13911290322580647,-0.18587279680495508
WR,yards_per_route,true,POST_CORNER_ROUTE_RIGHT__total_turn_deg,55,0.03196248196248196,0.059798154253049206
WR,yards_per_route,true,CURL_ROUTE_RIGHT__total_turn_deg,59,0.1115721800116891,0.04825779120576254
WR,yards_per_route,true,SLOT_SAIL_ROUTE_RIGHT__total_turn_deg,57,0.24533316048742548,0.29622918533689907
WR,yards_per_route,true,SLOT_STRIKE_ROUTE_LEFT__total_turn_deg,60,0.28474576271186447,0.3836407191552803
WR,yards_per_route,true,GAUNTLET_DRILL__total_turn_deg,63,0.0019201228878648236,0.13028039901004895
WR,yards_per_route,true,DAGGER_ROUTE_LEFT__total_turn_deg,63,-0.02966589861751152,-0.007855569841964699
WR,yards_per_route,true,RED_ZONE_FADE_RIGHT__total_turn_deg,57,0.10733730878921442,0.03369140549293009
WR,yards_per_route,true,POST_CORNER_ROUTE_LEFT__total_turn_deg,48,-0.02344767694311767,0.05025253664729249
WR,yards_per_route,true,SLANT_ROUTE_LEFT__peak_ang_vel,63,-0.11184715821812596,-0.11441344908793998
WR,yards_per_route,true,FORTY_YARD_DASH__peak_ang_vel,57,0.05956702100077781,0.14717697877306116
WR,yards_per_route,true,GO_ROUTE_RIGHT__peak_ang_vel,56,0.13984962406015036,0.17702276611020087
WR,yards_per_route,true,COMEBACK_ROUTE_RIGHT__peak_ang_vel,56,-0.004921394395078606,0.051881928046310005
WR,yards_per_route,true,OVER_SHOULDER_ADJUST__peak_ang_vel,60,-0.16148930258405117,-0.27539529270681246
WR,yards_per_route,true,SPEED_OUT_ROUTE_LEFT__peak_ang_vel,63,-0.13229646697388633,-0.09162015099786812
WR,yards_per_route,true,POST_CORNER_ROUTE_RIGHT__peak_ang_vel,55,0.07958152958152959,0.08901012268112228
WR,yards_per_route,true,CURL_ROUTE_RIGHT__peak_ang_vel,59,0.051607247223845715,0.013365774636960488
WR,yards_per_route,true,SLOT_SAIL_ROUTE_RIGHT__peak_ang_vel,57,0.2056650246305419,0.18919913557378176
WR,yards_per_route,true,SLOT_STRIKE_ROUTE_LEFT__peak_ang_vel,60,0.2770213948318978,0.36144226030473536
WR,yards_per_route,true,GAUNTLET_DRILL__peak_ang_vel,63,-0.043538786482334876,0.06980226295332222
WR,yards_per_route,true,DAGGER_ROUTE_LEFT__peak_ang_vel,63,0.034610215053763445,0.03864491365993841
WR,yards_per_route,true,RED_ZONE_FADE_RIGHT__peak_ang_vel,57,-0.017695099818511802,-0.033228789714188495
WR,yards_per_route,true,POST_CORNER_ROUTE_LEFT__peak_ang_vel,48,-0.17488059053408597,-0.09140919464526455
WR,yards_per_route,true,SLANT_ROUTE_LEFT__speed_at_peak_turn,63,0.18577188940092165,0.22623378465812796
WR,yards_per_route,true,FORTY_YARD_DASH__speed_at_peak_turn,57,-0.17228415867254343,-0.21050486545776856
WR,yards_per_route,true,GO_ROUTE_RIGHT__speed_at_peak_turn,56,-0.0354066985645933,-0.022705516971940988
WR,yards_per_route,true,COMEBACK_ROUTE_RIGHT__speed_at_peak_turn,56,0.031989063568010935,0.04465966118379771
WR,yards_per_route,true,OVER_SHOULDER_ADJUST__speed_at_peak_turn,60,0.14181717143651018,0.08186070194362496
WR,yards_per_route,true,SPEED_OUT_ROUTE_LEFT__speed_at_peak_turn,63,0.1800115207373272,0.19874751999956453
WR,yards_per_route,true,POST_CORNER_ROUTE_RIGHT__speed_at_peak_turn,55,0.03470418470418471,-0.03195605817062892
WR,yards_per_route,true,CURL_ROUTE_RIGHT__speed_at_peak_turn,59,-0.03945061367621275,0.0025341585494817872
WR,yards_per_route,true,SLOT_SAIL_ROUTE_RIGHT__speed_at_peak_turn,57,0.030269639616282085,0.051280998247385245
WR,yards_per_route,true,SLOT_STRIKE_ROUTE_LEFT__speed_at_peak_turn,60,-0.017504862461794946,-0.08931559937309716
WR,yards_per_route,true,GAUNTLET_DRILL__speed_at_peak_turn,63,0.15581797235023043,0.03879174955248879
WR,yards_per_route,true,DAGGER_ROUTE_LEFT__speed_at_peak_turn,63,0.06643625192012288,-0.04951471907446274
WR,yards_per_route,true,RED_ZONE_FADE_RIGHT__speed_at_peak_turn,57,0.1330049261083744,0.08586474054459223
WR,yards_per_route,true,POST_CORNER_ROUTE_LEFT__speed_at_peak_turn,48,0.2811550151975684,0.18191752707958864
WR,yards_per_route,true,FORTY_YARD_DASH__split_2,57,0.002722323049001815,0.01427994543811852
WR,yards_per_route,true,FORTY_YARD_DASH__split_5,57,-0.01088929219600726,0.023301030049156363
WR,yards_per_route,true,FORTY_YARD_DASH__split_10,57,-0.024500907441016337,0.028760747848681968
WR,yards_per_route,true,FORTY_YARD_DASH__split_20,57,-0.07596577651024113,-0.0044314094753113605
WR,yards_per_route,true,FORTY_YARD_DASH__split_40,57,-0.0895773917552502,0.02944006231327068
WR,yards_per_route,true,FORTY_YARD_DASH__flying_10_speed,57,0.03435312418978481,-0.08000848780746622
WR,mean_separation,true,combine_height,59,-0.46277030976037414,-0.4443441230495159
WR,mean_separation,true,combine_weight,59,-0.4617182933956751,-0.4397174977059597
WR,mean_separation,true,hand_size,59,-0.2077147866744594,-0.2388547246737823
WR,mean_separation,true,arm_length,59,-0.2929865575686733,-0.285094913086215
WR,mean_separation,true,wing_span,59,-0.2804208065458796,-0.28029301145321184
WR,mean_separation,true,ten_yd_split,54,0.016199733180865254,0.017243579408414266
WR,mean_separation,true,forty,54,-0.10691823899371067,-0.16700638662642636
WR,mean_separation,true,vertical,51,0.13846153846153847,0.1847823604198405
WR,mean_separation,true,broad_jump,52,0.05446939298215658,0.08927819940930887
WR,mean_separation,true,ngs_athleticism_score,59,-0.10432495616598482,-0.037244474415036456
WR,mean_separation,true,SLANT_ROUTE_LEFT__duration,59,-0.07147866744593806,-0.09261149487698281
WR,mean_separation,true,FORTY_YARD_DASH__duration,53,-0.02547976132881793,-0.04967149037812914
WR,mean_separation,true,GO_ROUTE_RIGHT__duration,53,0.016126431220770843,-0.026483579246274144
WR,mean_separation,true,COMEBACK_ROUTE_RIGHT__duration,53,-0.04168682470569263,-0.04857139155251589
WR,mean_separation,true,OVER_SHOULDER_ADJUST__duration,56,0.1255639097744361,0.12563190210174147
WR,mean_separation,true,SPEED_OUT_ROUTE_LEFT__duration,59,-0.06855639976621859,-0.05293782787920229
WR,mean_separation,true,POST_CORNER_ROUTE_RIGHT__duration,52,-0.02936907709382737,-0.04541032485266864
WR,mean_separation,true,CURL_ROUTE_RIGHT__duration,56,-0.14627477785372522,-0.08207102435147677
WR,mean_separation,true,SLOT_SAIL_ROUTE_RIGHT__duration,54,0.16828663998475318,0.12395155800542897
WR,mean_separation,true,SLOT_STRIKE_ROUTE_LEFT__duration,56,-0.08318523581681476,-0.07415730130508223
WR,mean_separation,true,GAUNTLET_DRILL__duration,59,-0.01168907071887785,-0.050899519540631474
WR,mean_separation,true,DAGGER_ROUTE_LEFT__duration,59,-0.022618351841028644,-0.04862112907663727
WR,mean_separation,true,RED_ZONE_FADE_RIGHT__duration,54,-0.16134934248141794,-0.11947288647483935
WR,mean_separation,true,POST_CORNER_ROUTE_LEFT__duration,45,0.07061923583662713,0.008975997503605922
WR,mean_separation,true,SLANT_ROUTE_LEFT__distance,59,-0.06353009935710112,-0.060043488967126905
WR,mean_separation,true,FORTY_YARD_DASH__distance,53,0.2719722625383002,0.2782436048683705
WR,mean_separation,true,GO_ROUTE_RIGHT__distance,53,0.01128850185453959,-0.0035238380634322435
WR,mean_separation,true,COMEBACK_ROUTE_RIGHT__distance,53,-0.04378326076439284,-0.03641771106289821
WR,mean_separation,true,OVER_SHOULDER_ADJUST__distance,56,-0.15639097744360902,-0.1449706916075449
WR,mean_separation,true,SPEED_OUT_ROUTE_LEFT__distance,59,-0.04541203974284045,-0.04885294595259354
WR,mean_separation,true,POST_CORNER_ROUTE_RIGHT__distance,52,0.03935797831469308,0.035274048891027414
WR,mean_separation,true,CURL_ROUTE_RIGHT__distance,56,-0.10539986329460015,-0.0524496271573469
WR,mean_separation,true,SLOT_SAIL_ROUTE_RIGHT__distance,54,0.0101010101010101,-0.0045488183072000055
WR,mean_separation,true,SLOT_STRIKE_ROUTE_LEFT__distance,56,0.04969241285030759,0.08904797536307187
WR,mean_separation,true,GAUNTLET_DRILL__distance,59,-0.021800116890707193,-0.09238824786922475
WR,mean_separation,true,DAGGER_ROUTE_LEFT__distance,59,-0.18883693746347166,-0.1579939418672517
WR,mean_separation,true,RED_ZONE_FADE_RIGHT__distance,54,0.007966457023060796,0.057809039699036634
WR,mean_separation,true,POST_CORNER_ROUTE_LEFT__distance,45,0.11607378129117257,0.07102652392322929
WR,mean_separation,true,SLANT_ROUTE_LEFT__peak_speed,59,0.02571595558153127,0.07852385135134626
WR,mean_separation,true,FORTY_YARD_DASH__peak_speed,53,0.10578938880825674,0.14294006438658327
WR,mean_separation,true,GO_ROUTE_RIGHT__peak_speed,53,0.17835832930172552,0.22917336464481444
WR,mean_separation,true,COMEBACK_ROUTE_RIGHT__peak_speed,53,0.17698758264796,0.207435404524988
WR,mean_separation,true,OVER_SHOULDER_ADJUST__peak_speed,56,-0.20956937799043063,-0.20450819733783696
WR,mean_separation,true,SPEED_OUT_ROUTE_LEFT__peak_speed,59,-0.019871420222092345,-0.057846668205148825
WR,mean_separation,true,POST_CORNER_ROUTE_RIGHT__peak_speed,52,0.04960300520788867,0.0902003813881648
WR,mean_separation,true,CURL_ROUTE_RIGHT__peak_speed,56,0.0028024606971975394,0.006989056872722808
WR,mean_separation,true,SLOT_SAIL_ROUTE_RIGHT__peak_speed,54,-0.047989327234610246,-0.03964179239162465
WR,mean_separation,true,SLOT_STRIKE_ROUTE_LEFT__peak_speed,56,-0.020984278879015723,-0.012058480427426806
WR,mean_separation,true,GAUNTLET_DRILL__peak_speed,59,-0.09526592635885449,-0.09318869700653194
WR,mean_separation,true,DAGGER_ROUTE_LEFT__peak_speed,59,-0.17668030391583872,-0.130142083339659
WR,mean_separation,true,RED_ZONE_FADE_RIGHT__peak_speed,54,-0.010329712216504668,-0.03540545268915882
WR,mean_separation,true,POST_CORNER_ROUTE_LEFT__peak_speed,45,-0.1984189723320158,-0.20015513574313248
WR,mean_separation,true,SLANT_ROUTE_LEFT__mean_speed,59,0.1398012857977791,0.18008072874010064
WR,mean_separation,true,FORTY_YARD_DASH__mean_speed,53,0.06627963231736815,0.08595671568434234
WR,mean_separation,true,GO_ROUTE_RIGHT__mean_speed,53,0.018061602967263345,0.04588289171010347
WR,mean_separation,true,COMEBACK_ROUTE_RIGHT__mean_speed,53,0.07144009030801483,0.08986571267114749
WR,mean_separation,true,OVER_SHOULDER_ADJUST__mean_speed,56,-0.18639781271360217,-0.1854873663736573
WR,mean_separation,true,SPEED_OUT_ROUTE_LEFT__mean_speed,59,0.10923436586791352,0.09982044503733531
WR,mean_separation,true,POST_CORNER_ROUTE_RIGHT__mean_speed,52,0.009818150772645778,0.03168046771400451
WR,mean_separation,true,CURL_ROUTE_RIGHT__mean_speed,56,-0.04989747095010253,-0.022232430869310503
WR,mean_separation,true,SLOT_SAIL_ROUTE_RIGHT__mean_speed,54,-0.04661711454164284,-0.0024883702207502433
WR,mean_separation,true,SLOT_STRIKE_ROUTE_LEFT__mean_speed,56,0.16172248803827752,0.1909172077508339
WR,mean_separation,true,GAUNTLET_DRILL__mean_speed,59,-0.009526592635885449,0.010274729278248771
WR,mean_separation,true,DAGGER_ROUTE_LEFT__mean_speed,59,-0.251198129748685,-0.19358356200520796
WR,mean_separation,true,RED_ZONE_FADE_RIGHT__mean_speed,54,0.1594434915189632,0.16551509675651477
WR,mean_separation,true,POST_CORNER_ROUTE_LEFT__mean_speed,45,-0.07957839262187089,-0.05046622638904936
WR,mean_separation,true,SLANT_ROUTE_LEFT__peak_accel,59,-0.23541788427819993,-0.24024780811703156
WR,mean_separation,true,FORTY_YARD_DASH__peak_accel,53,-0.11965811965811965,-0.10462883294028798
WR,mean_separation,true,GO_ROUTE_RIGHT__peak_accel,53,0.06442509272697952,0.07427098220092282
WR,mean_separation,true,COMEBACK_ROUTE_RIGHT__peak_accel,53,-0.12578616352201255,-0.07933723396859048
WR,mean_separation,true,OVER_SHOULDER_ADJUST__peak_accel,56,-0.1368421052631579,-0.1358669301811902
WR,mean_separation,true,SPEED_OUT_ROUTE_LEFT__peak_accel,59,0.09333722969023964,0.07256509432079819
WR,mean_separation,true,POST_CORNER_ROUTE_RIGHT__peak_accel,52,-0.06915393152907028,-0.03424809765869612
WR,mean_separation,true,CURL_ROUTE_RIGHT__peak_accel,56,-0.12159945317840055,-0.1047804577257038
WR,mean_separation,true,SLOT_SAIL_ROUTE_RIGHT__peak_accel,54,0.09395845244901847,0.1002338815320617
WR,mean_separation,true,SLOT_STRIKE_ROUTE_LEFT__peak_accel,56,0.10232399179767601,0.1362026869656911
WR,mean_separation,true,GAUNTLET_DRILL__peak_accel,59,0.0690824079485681,0.04986127577488592
WR,mean_separation,true,DAGGER_ROUTE_LEFT__peak_accel,59,-0.21659848042080657,-0.18681143064223457
WR,mean_separation,true,RED_ZONE_FADE_RIGHT__peak_accel,54,-0.009796073947017344,0.010067240770748019
WR,mean_separation,true,POST_CORNER_ROUTE_LEFT__peak_accel,45,0.175098814229249,0.17394096357177702
WR,mean_separation,true,SLANT_ROUTE_LEFT__peak_long_accel,59,-0.03851548801870252,-0.009074953230833328
WR,mean_separation,true,FORTY_YARD_DASH__peak_long_accel,53,-0.1924689566199,-0.17541807765489553
WR,mean_separation,true,GO_ROUTE_RIGHT__peak_long_accel,53,0.029269472665699077,0.049740794187951576
WR,mean_separation,true,COMEBACK_ROUTE_RIGHT__peak_long_accel,53,-0.019835510401548136,-0.0032653015083182703
WR,mean_separation,true,OVER_SHOULDER_ADJUST__peak_long_accel,56,-0.1652768284347232,-0.17122241723157042
WR,mean_separation,true,SPEED_OUT_ROUTE_LEFT__peak_long_accel,59,0.03226183518410287,0.033599570417125725
WR,mean_separation,true,POST_CORNER_ROUTE_RIGHT__peak_long_accel,52,0.05592077179202596,0.10050052553542413
WR,mean_separation,true,CURL_ROUTE_RIGHT__peak_long_accel,56,0.054340396445659606,0.176826824292317
WR,mean_separation,true,SLOT_SAIL_ROUTE_RIGHT__peak_long_accel,54,0.1716409376786735,0.18645240125900464
WR,mean_separation,true,SLOT_STRIKE_ROUTE_LEFT__peak_long_accel,56,0.045933014354066985,0.09046584167875847
WR,mean_separation,true,GAUNTLET_DRILL__peak_long_accel,59,0.22326125073056696,0.21328428824300413
WR,mean_separation,true,DAGGER_ROUTE_LEFT__peak_long_accel,59,-0.17679719462302748,-0.16278440151979715
WR,mean_separation,true,RED_ZONE_FADE_RIGHT__peak_long_accel,54,0.13245664189060413,0.12741898523153816
WR,mean_separation,true,POST_CORNER_ROUTE_LEFT__peak_long_accel,45,0.21897233201581026,0.20543628755366658
WR,mean_separation,true,SLANT_ROUTE_LEFT__peak_long_decel,59,0.12180011689070719,0.0658737535669386
WR,mean_separation,true,FORTY_YARD_DASH__peak_long_decel,53,0.10998226092565716,0.11689632010140319
WR,mean_separation,true,GO_ROUTE_RIGHT__peak_long_decel,53,-0.11796484437993872,-0.08685650501568971
WR,mean_separation,true,COMEBACK_ROUTE_RIGHT__peak_long_decel,53,0.0029027576197387514,0.05273568232192778
WR,mean_separation,true,OVER_SHOULDER_ADJUST__peak_long_decel,56,-0.1360902255639098,-0.1276473467888188
WR,mean_separation,true,SPEED_OUT_ROUTE_LEFT__peak_long_decel,59,0.2066627703097604,0.20766288075341383
WR,mean_separation,true,POST_CORNER_ROUTE_RIGHT__peak_long_decel,52,0.04499274310595065,0.07286750483190266
WR,mean_separation,true,CURL_ROUTE_RIGHT__peak_long_decel,56,-0.011688311688311689,-0.00012052440606607175
WR,mean_separation,true,SLOT_SAIL_ROUTE_RIGHT__peak_long_decel,54,0.015971031065370685,0.009388477284730768
WR,mean_separation,true,SLOT_STRIKE_ROUTE_LEFT__peak_long_decel,56,-0.0030075187969924814,0.039543665964738385
WR,mean_separation,true,GAUNTLET_DRILL__peak_long_decel,59,-0.15412039742840444,-0.21785899187487565
WR,mean_separation,true,DAGGER_ROUTE_LEFT__peak_long_decel,59,-0.08229105786090007,-0.10429568291509164
WR,mean_separation,true,RED_ZONE_FADE_RIGHT__peak_long_decel,54,-0.2898799313893653,-0.26013182713193506
WR,mean_separation,true,POST_CORNER_ROUTE_LEFT__peak_long_decel,45,-0.20210803689064558,-0.2641974659301732
WR,mean_separation,true,SLANT_ROUTE_LEFT__time_to_peak_speed,59,-0.1701928696668615,-0.1946832530357093
WR,mean_separation,true,FORTY_YARD_DASH__time_to_peak_speed,53,-0.11627156910175777,-0.138885892296241
WR,mean_separation,true,GO_ROUTE_RIGHT__time_to_peak_speed,53,-0.054749233994517005,-0.05696682399342848
WR,mean_separation,true,COMEBACK_ROUTE_RIGHT__time_to_peak_speed,53,-0.1304628285760361,-0.13874756859114237
WR,mean_separation,true,OVER_SHOULDER_ADJUST__time_to_peak_speed,56,0.25352016404647987,0.24350528567179414
WR,mean_separation,true,SPEED_OUT_ROUTE_LEFT__time_to_peak_speed,59,0.10578609000584456,0.03126563551655994
WR,mean_separation,true,POST_CORNER_ROUTE_RIGHT__time_to_peak_speed,52,0.14496713053871768,0.12676246521082002
WR,mean_separation,true,CURL_ROUTE_RIGHT__time_to_peak_speed,56,-0.11018455228981545,-0.07801748839195453
WR,mean_separation,true,SLOT_SAIL_ROUTE_RIGHT__time_to_peak_speed,54,0.10646083476272154,0.04719238825355502
WR,mean_separation,true,SLOT_STRIKE_ROUTE_LEFT__time_to_peak_speed,56,-0.04183185235816815,-0.05182788136708823
WR,mean_separation,true,GAUNTLET_DRILL__time_to_peak_speed,59,-0.025365283459964937,0.0011249003090752364
WR,mean_separation,true,DAGGER_ROUTE_LEFT__time_to_peak_speed,59,0.01022793687901812,0.035102866569653356
WR,mean_separation,true,RED_ZONE_FADE_RIGHT__time_to_peak_speed,54,-0.03266628549647417,-0.051939075776688104
WR,mean_separation,true,POST_CORNER_ROUTE_LEFT__time_to_peak_speed,45,-0.24005270092226613,-0.23201445235610565
WR,mean_separation,true,SLANT_ROUTE_LEFT__total_turn_deg,59,-0.20181180596142612,-0.24207295117428226
WR,mean_separation,true,FORTY_YARD_DASH__total_turn_deg,53,0.10667634252539913,0.08851109436725411
WR,mean_separation,true,GO_ROUTE_RIGHT__total_turn_deg,53,-0.03991291727140783,-0.04434924654964193
WR,mean_separation,true,COMEBACK_ROUTE_RIGHT__total_turn_deg,53,0.03491372359296887,0.02952961284282824
WR,mean_separation,true,OVER_SHOULDER_ADJUST__total_turn_deg,56,-0.05618591934381409,-0.03255858572038845
WR,mean_separation,true,SPEED_OUT_ROUTE_LEFT__total_turn_deg,59,-0.077323202805377,-0.06382373690428322
WR,mean_separation,true,POST_CORNER_ROUTE_RIGHT__total_turn_deg,52,0.10637752924101425,0.0947484709564112
WR,mean_separation,true,CURL_ROUTE_RIGHT__total_turn_deg,56,-0.055639097744360905,-0.026307533975903526
WR,mean_separation,true,SLOT_SAIL_ROUTE_RIGHT__total_turn_deg,54,0.20952925481227366,0.1875617571497981
WR,mean_separation,true,SLOT_STRIKE_ROUTE_LEFT__total_turn_deg,56,0.018865345181134655,-0.011618795345968345
WR,mean_separation,true,GAUNTLET_DRILL__total_turn_deg,59,0.04617182933956751,-0.0015237752344509307
WR,mean_separation,true,DAGGER_ROUTE_LEFT__total_turn_deg,59,-0.11566335476329634,-0.12967521016567723
WR,mean_separation,true,RED_ZONE_FADE_RIGHT__total_turn_deg,54,-0.147703449590242,-0.10479219730934539
WR,mean_separation,true,POST_CORNER_ROUTE_LEFT__total_turn_deg,45,0.3235836627140975,0.2921718862166618
WR,mean_separation,true,SLANT_ROUTE_LEFT__peak_ang_vel,59,-0.13185271770894216,-0.14028251517359602
WR,mean_separation,true,FORTY_YARD_DASH__peak_ang_vel,53,0.03499435574907273,-0.0013733098915350546
WR,mean_separation,true,GO_ROUTE_RIGHT__peak_ang_vel,53,-0.02580228995323335,-0.05643236861030334
WR,mean_separation,true,COMEBACK_ROUTE_RIGHT__peak_ang_vel,53,0.26407031124012253,0.24093141067057797
WR,mean_separation,true,OVER_SHOULDER_ADJUST__peak_ang_vel,56,-0.03458646616541354,-0.0021341854294595567
WR,mean_separation,true,SPEED_OUT_ROUTE_LEFT__peak_ang_vel,59,-0.04997077732320281,-0.07612070541544064
WR,mean_separation,true,POST_CORNER_ROUTE_RIGHT__peak_ang_vel,52,-0.0029027576197387514,-0.0023291663291505897
WR,mean_separation,true,CURL_ROUTE_RIGHT__peak_ang_vel,56,-0.0559125085440875,-0.04259017465653093
WR,mean_separation,true,SLOT_SAIL_ROUTE_RIGHT__peak_ang_vel,54,0.11820087669144272,0.12712561886041418
WR,mean_separation,true,SLOT_STRIKE_ROUTE_LEFT__peak_ang_vel,56,0.056869446343130556,0.029141233308496814
WR,mean_separation,true,GAUNTLET_DRILL__peak_ang_vel,59,-0.02127410870835769,-0.0691149133112604
WR,mean_separation,true,DAGGER_ROUTE_LEFT__peak_ang_vel,59,-0.05862068965517242,-0.055152557927543804
WR,mean_separation,true,RED_ZONE_FADE_RIGHT__peak_ang_vel,54,0.03312368972746331,0.04787305545670005
WR,mean_separation,true,POST_CORNER_ROUTE_LEFT__peak_ang_vel,45,0.2150197628458498,0.1678248789066235
WR,mean_separation,true,SLANT_ROUTE_LEFT__speed_at_peak_turn,59,-0.02185856224430158,-0.03214796199022345
WR,mean_separation,true,FORTY_YARD_DASH__speed_at_peak_turn,53,-0.06966618287373004,-0.05956036435297116
WR,mean_separation,true,GO_ROUTE_RIGHT__speed_at_peak_turn,53,0.03983228511530398,0.02861823411105935
WR,mean_separation,true,COMEBACK_ROUTE_RIGHT__speed_at_peak_turn,53,-0.11135300757942267,-0.11286039983831783
WR,mean_separation,true,OVER_SHOULDER_ADJUST__speed_at_peak_turn,56,-0.10539986329460015,-0.0861113656128129
WR,mean_separation,true,SPEED_OUT_ROUTE_LEFT__speed_at_peak_turn,59,0.06119228521332556,0.06240731135150291
WR,mean_separation,true,POST_CORNER_ROUTE_RIGHT__speed_at_peak_turn,52,-0.12123281823614787,-0.10114798645616133
WR,mean_separation,true,CURL_ROUTE_RIGHT__speed_at_peak_turn,56,0.02173615857826384,0.008566649113412513
WR,mean_separation,true,SLOT_SAIL_ROUTE_RIGHT__speed_at_peak_turn,54,0.06727653897465216,0.07318194546247926
WR,mean_separation,true,SLOT_STRIKE_ROUTE_LEFT__speed_at_peak_turn,56,-0.02911825017088175,-0.007406062794524853
WR,mean_separation,true,GAUNTLET_DRILL__speed_at_peak_turn,59,0.10841613091759207,0.16737166377872933
WR,mean_separation,true,DAGGER_ROUTE_LEFT__speed_at_peak_turn,59,0.04511981297486851,0.09045451048593854
WR,mean_separation,true,RED_ZONE_FADE_RIGHT__speed_at_peak_turn,54,-0.1355060034305317,-0.11042794356173403
WR,mean_separation,true,POST_CORNER_ROUTE_LEFT__speed_at_peak_turn,45,-0.21515151515151515,-0.1637107123939412
WR,mean_separation,true,FORTY_YARD_DASH__split_2,53,0.16763425253991293,0.16809591998160506
WR,mean_separation,true,FORTY_YARD_DASH__split_5,53,0.18505079825834542,0.1759576011987583
WR,mean_separation,true,FORTY_YARD_DASH__split_10,53,0.16207063376874695,0.14530141855669718
WR,mean_separation,true,FORTY_YARD_DASH__split_20,53,0.12385099177552007,0.1005258059970675
WR,mean_separation,true,FORTY_YARD_DASH__split_40,53,0.09361393323657473,0.05408147317099122
WR,mean_separation,true,FORTY_YARD_DASH__flying_10_speed,53,0.12102886631188517,0.1627596570822829
WR,game_top_speed,true,combine_height,76,-0.19365686944634314,-0.2273493265368842
WR,game_top_speed,true,combine_weight,76,-0.32609706083390294,-0.38153188444040764
WR,game_top_speed,true,hand_size,76,-0.23898838004101164,-0.2271707462260742
WR,game_top_speed,true,arm_length,76,-0.07051264524948735,-0.07250697654640892
WR,game_top_speed,true,wing_span,76,-0.045741626794258375,-0.043446289800458074
WR,game_top_speed,true,ten_yd_split,70,-0.20556381768874116,-0.19038994742332327
WR,game_top_speed,true,forty,70,-0.4591199370133846,-0.4162700580385566
WR,game_top_speed,true,vertical,67,0.18066086678904944,0.1283380832929676
WR,game_top_speed,true,broad_jump,68,0.2032675497194335,0.17485343041910556
WR,game_top_speed,true,three_cone,25,-0.1853846153846154,-0.17239886620595085
WR,game_top_speed,true,short_shuttle,30,0.1345939933259177,0.1624339621881104
WR,game_top_speed,true,ngs_athleticism_score,76,0.19917976760082023,0.12407896291552212
WR,game_top_speed,true,SLANT_ROUTE_LEFT__duration,76,-0.1089542036910458,-0.08716109019779116
WR,game_top_speed,true,FORTY_YARD_DASH__duration,68,-0.22422414780318356,-0.19514548457723635
WR,game_top_speed,true,GO_ROUTE_RIGHT__duration,67,-0.10056668529012691,-0.08384202936255862
WR,game_top_speed,true,COMEBACK_ROUTE_RIGHT__duration,68,-0.05641867389395732,-0.04134939471950278
WR,game_top_speed,true,OVER_SHOULDER_ADJUST__duration,73,-0.06562384302110331,-0.06983326020998602
WR,game_top_speed,true,SPEED_OUT_ROUTE_LEFT__duration,76,-0.09101845522898155,-0.10995023331030009
WR,game_top_speed,true,POST_CORNER_ROUTE_RIGHT__duration,67,-0.1387979886662942,-0.12970774195793006
WR,game_top_speed,true,CURL_ROUTE_RIGHT__duration,72,-0.10103543636246706,-0.17458680457214154
WR,game_top_speed,true,SLOT_SAIL_ROUTE_RIGHT__duration,69,0.12608695652173915,0.18353947645133808
WR,game_top_speed,true,SLOT_STRIKE_ROUTE_LEFT__duration,71,-0.01981891348088531,-0.03318802914121397
WR,game_top_speed,true,GAUNTLET_DRILL__duration,76,-0.09055365686944634,-0.04555620060025366
WR,game_top_speed,true,DAGGER_ROUTE_LEFT__duration,76,-0.017279562542720436,0.008801975912574938
WR,game_top_speed,true,RED_ZONE_FADE_RIGHT__duration,69,-0.07318231640482281,-0.10983619681820929
WR,game_top_speed,true,POST_CORNER_ROUTE_LEFT__duration,57,-0.020741508944775736,0.0879327121518228
WR,game_top_speed,true,SLANT_ROUTE_LEFT__distance,76,-0.1922077922077922,-0.2030116290899939
WR,game_top_speed,true,FORTY_YARD_DASH__distance,68,0.2318586097644768,0.22309808328672673
WR,game_top_speed,true,GO_ROUTE_RIGHT__distance,67,0.08416473780828479,0.09264910824119214
WR,game_top_speed,true,COMEBACK_ROUTE_RIGHT__distance,68,-0.04004275298698324,-0.03998154639146647
WR,game_top_speed,true,OVER_SHOULDER_ADJUST__distance,73,0.0489633469085524,0.029236536478346044
WR,game_top_speed,true,SPEED_OUT_ROUTE_LEFT__distance,76,-0.11488721804511277,-0.1262870491141077
WR,game_top_speed,true,POST_CORNER_ROUTE_RIGHT__distance,67,-0.15128900949796473,-0.14155993892028407
WR,game_top_speed,true,CURL_ROUTE_RIGHT__distance,72,-0.06312303041996271,-0.12746924956639505
WR,game_top_speed,true,SLOT_SAIL_ROUTE_RIGHT__distance,69,0.11150895140664963,0.13368957915391366
WR,game_top_speed,true,SLOT_STRIKE_ROUTE_LEFT__distance,71,0.16777330650570088,0.11983612414051426
WR,game_top_speed,true,GAUNTLET_DRILL__distance,76,0.040683526999316474,0.1061478988433805
WR,game_top_speed,true,DAGGER_ROUTE_LEFT__distance,76,-0.07171565276828434,-0.10171575533714629
WR,game_top_speed,true,RED_ZONE_FADE_RIGHT__distance,69,0.14556083302886375,0.12706329154219803
WR,game_top_speed,true,POST_CORNER_ROUTE_LEFT__distance,57,-0.1436997666580244,-0.07769075430023471
WR,game_top_speed,true,SLANT_ROUTE_LEFT__peak_speed,76,0.04322624743677376,-0.004114091394832158
WR,game_top_speed,true,FORTY_YARD_DASH__peak_speed,68,0.5735389548421576,0.5495592483738563
WR,game_top_speed,true,GO_ROUTE_RIGHT__peak_speed,67,0.5532763987548887,0.5389180658481179
WR,game_top_speed,true,COMEBACK_ROUTE_RIGHT__peak_speed,68,0.2784288277283658,0.2617976894715497
WR,game_top_speed,true,OVER_SHOULDER_ADJUST__peak_speed,73,0.1284092311489572,0.12385507741818602
WR,game_top_speed,true,SPEED_OUT_ROUTE_LEFT__peak_speed,76,0.012139439507860561,0.01964738080959897
WR,game_top_speed,true,POST_CORNER_ROUTE_RIGHT__peak_speed,67,0.20516401947481844,0.17539791897914128
WR,game_top_speed,true,CURL_ROUTE_RIGHT__peak_speed,72,-0.048041674705768866,-0.02631576491403722
WR,game_top_speed,true,SLOT_SAIL_ROUTE_RIGHT__peak_speed,69,-0.0421994884910486,-0.03792932437631174
WR,game_top_speed,true,SLOT_STRIKE_ROUTE_LEFT__peak_speed,71,0.11116700201207241,0.10148058009929492
WR,game_top_speed,true,GAUNTLET_DRILL__peak_speed,76,0.14157211209842788,0.1266028327328021
WR,game_top_speed,true,DAGGER_ROUTE_LEFT__peak_speed,76,-0.07759398496240602,-0.14606157943193512
WR,game_top_speed,true,RED_ZONE_FADE_RIGHT__peak_speed,69,-0.03218852758494702,-0.007781932955734427
WR,game_top_speed,true,POST_CORNER_ROUTE_LEFT__peak_speed,57,-0.16606170598911074,-0.20582119674378704
WR,game_top_speed,true,SLANT_ROUTE_LEFT__mean_speed,76,-0.018892686261107315,-0.05059694061908671
WR,game_top_speed,true,FORTY_YARD_DASH__mean_speed,68,0.2954536779020498,0.26964862045982907
WR,game_top_speed,true,GO_ROUTE_RIGHT__mean_speed,67,0.12678585681219573,0.12377395022125183
WR,game_top_speed,true,COMEBACK_ROUTE_RIGHT__mean_speed,68,0.0625644157727984,0.054309877146358196
WR,game_top_speed,true,OVER_SHOULDER_ADJUST__mean_speed,73,0.06383438232753302,0.06641536192847892
WR,game_top_speed,true,SPEED_OUT_ROUTE_LEFT__mean_speed,76,0.0947095010252905,0.09387589100724056
WR,game_top_speed,true,POST_CORNER_ROUTE_RIGHT__mean_speed,67,-0.0695586239923378,-0.09597669978353975
WR,game_top_speed,true,CURL_ROUTE_RIGHT__mean_speed,72,0.032156408772268316,0.018412105284659152
WR,game_top_speed,true,SLOT_SAIL_ROUTE_RIGHT__mean_speed,69,-0.08301059554256486,-0.11660275676208344
WR,game_top_speed,true,SLOT_STRIKE_ROUTE_LEFT__mean_speed,71,0.1866532528504359,0.13303021771947268
WR,game_top_speed,true,GAUNTLET_DRILL__mean_speed,76,0.08453861927546137,0.049592237429648224
WR,game_top_speed,true,DAGGER_ROUTE_LEFT__mean_speed,76,-0.009432672590567329,-0.10453731682924444
WR,game_top_speed,true,RED_ZONE_FADE_RIGHT__mean_speed,69,0.10515162586773841,0.11563142631592908
WR,game_top_speed,true,POST_CORNER_ROUTE_LEFT__mean_speed,57,-0.19451646357272492,-0.25289040802209606
WR,game_top_speed,true,SLANT_ROUTE_LEFT__peak_accel,76,-0.13233082706766916,-0.14454392913635897
WR,game_top_speed,true,FORTY_YARD_DASH__peak_accel,68,-0.028094820017559263,-0.058933672393595385
WR,game_top_speed,true,GO_ROUTE_RIGHT__peak_accel,67,0.03364195067443532,0.02788045634828585
WR,game_top_speed,true,COMEBACK_ROUTE_RIGHT__peak_accel,68,0.2071229530098866,0.16839369240218632
WR,game_top_speed,true,OVER_SHOULDER_ADJUST__peak_accel,73,-0.07614463778847343,-0.08076681678227456
WR,game_top_speed,true,SPEED_OUT_ROUTE_LEFT__peak_accel,76,-0.09377990430622009,-0.09025653416681842
WR,game_top_speed,true,POST_CORNER_ROUTE_RIGHT__peak_accel,67,-0.005746667730864395,-0.04925260945512834
WR,game_top_speed,true,CURL_ROUTE_RIGHT__peak_accel,72,-0.088205029262332,-0.12111388364399002
WR,game_top_speed,true,SLOT_SAIL_ROUTE_RIGHT__peak_accel,69,0.05261234928754111,0.048419617871506934
WR,game_top_speed,true,SLOT_STRIKE_ROUTE_LEFT__peak_accel,71,-0.0018779342723004692,-0.04536958702053839
WR,game_top_speed,true,GAUNTLET_DRILL__peak_accel,76,0.001968557758031442,0.01678365103787896
WR,game_top_speed,true,DAGGER_ROUTE_LEFT__peak_accel,76,-0.04500341763499659,-0.1001002333886088
WR,game_top_speed,true,RED_ZONE_FADE_RIGHT__peak_accel,69,0.13061746437705518,0.11220808206720546
WR,game_top_speed,true,POST_CORNER_ROUTE_LEFT__peak_accel,57,0.14382940108892922,0.13924660036416284
WR,game_top_speed,true,SLANT_ROUTE_LEFT__peak_long_accel,76,-0.022365003417634997,-0.05520279166030718
WR,game_top_speed,true,FORTY_YARD_DASH__peak_long_accel,68,0.07813871817383669,0.048350814338207496
WR,game_top_speed,true,GO_ROUTE_RIGHT__peak_long_accel,67,0.029571394365073035,0.021560758555236235
WR,game_top_speed,true,COMEBACK_ROUTE_RIGHT__peak_long_accel,68,0.045654082528533806,0.02513155020297869
WR,game_top_speed,true,OVER_SHOULDER_ADJUST__peak_long_accel,73,-0.08453659138590645,-0.079334636135559
WR,game_top_speed,true,SPEED_OUT_ROUTE_LEFT__peak_long_accel,76,-0.033848257006151745,-0.0247228677813953
WR,game_top_speed,true,POST_CORNER_ROUTE_RIGHT__peak_long_accel,67,0.017519355096176872,-0.044111000841646916
WR,game_top_speed,true,CURL_ROUTE_RIGHT__peak_long_accel,72,-0.020869509293202138,-0.11719657946775205
WR,game_top_speed,true,SLOT_SAIL_ROUTE_RIGHT__peak_long_accel,69,-0.0381074168797954,-0.06177955620351234
WR,game_top_speed,true,SLOT_STRIKE_ROUTE_LEFT__peak_long_accel,71,0.024346076458752513,-0.023641668372236416
WR,game_top_speed,true,GAUNTLET_DRILL__peak_long_accel,76,0.05399863294600137,0.06416975048639413
WR,game_top_speed,true,DAGGER_ROUTE_LEFT__peak_long_accel,76,-0.045522898154477104,-0.0565294686405317
WR,game_top_speed,true,RED_ZONE_FADE_RIGHT__peak_long_accel,69,0.015820241139934237,0.004363147171282966
WR,game_top_speed,true,POST_CORNER_ROUTE_LEFT__peak_long_accel,57,-0.20592429349235158,-0.1914984761574217
WR,game_top_speed,true,SLANT_ROUTE_LEFT__peak_long_decel,76,0.10682159945317839,0.18296051220349502
WR,game_top_speed,true,FORTY_YARD_DASH__peak_long_decel,68,-0.2717486735122342,-0.28405954431588604
WR,game_top_speed,true,GO_ROUTE_RIGHT__peak_long_decel,67,0.1632213265224679,0.12581198102243957
WR,game_top_speed,true,COMEBACK_ROUTE_RIGHT__peak_long_decel,68,0.025193724472267812,-0.011660878687347196
WR,game_top_speed,true,OVER_SHOULDER_ADJUST__peak_long_decel,73,0.09240404788349996,0.07733808661383111
WR,game_top_speed,true,SPEED_OUT_ROUTE_LEFT__peak_long_decel,76,0.05935748462064252,0.04970745158883455
WR,game_top_speed,true,POST_CORNER_ROUTE_RIGHT__peak_long_decel,67,0.20919466836938305,0.16963507885619886
WR,game_top_speed,true,CURL_ROUTE_RIGHT__peak_long_decel,72,-0.05392629751109397,-0.08016919533217019
WR,game_top_speed,true,SLOT_SAIL_ROUTE_RIGHT__peak_long_decel,69,0.08940445743514798,0.09373747783000219
WR,game_top_speed,true,SLOT_STRIKE_ROUTE_LEFT__peak_long_decel,71,0.0539570757880617,0.031211226387753945
WR,game_top_speed,true,GAUNTLET_DRILL__peak_long_decel,76,-0.018783321941216676,0.041822415746422016
WR,game_top_speed,true,DAGGER_ROUTE_LEFT__peak_long_decel,76,-0.06425153793574846,-0.0443653701832627
WR,game_top_speed,true,RED_ZONE_FADE_RIGHT__peak_long_decel,69,-0.11629521373766899,-0.149578163543599
WR,game_top_speed,true,POST_CORNER_ROUTE_LEFT__peak_long_decel,57,0.07531760435571688,0.1242991611118156
WR,game_top_speed,true,SLANT_ROUTE_LEFT__time_to_peak_speed,76,-0.1629254955570745,-0.1405662546707157
WR,game_top_speed,true,FORTY_YARD_DASH__time_to_peak_speed,68,0.08226132763293506,0.10875455086080323
WR,game_top_speed,true,GO_ROUTE_RIGHT__time_to_peak_speed,67,-0.028773246069119643,-0.0007556592864779865
WR,game_top_speed,true,COMEBACK_ROUTE_RIGHT__time_to_peak_speed,68,-0.03305722029239989,-0.017893987512829168
WR,game_top_speed,true,OVER_SHOULDER_ADJUST__time_to_peak_speed,73,0.08681969640873752,0.11617404461384195
WR,game_top_speed,true,SPEED_OUT_ROUTE_LEFT__time_to_peak_speed,76,-0.04989747095010253,0.021189385053780863
WR,game_top_speed,true,POST_CORNER_ROUTE_RIGHT__time_to_peak_speed,67,-0.12526937504988428,-0.09352156137013416
WR,game_top_speed,true,CURL_ROUTE_RIGHT__time_to_peak_speed,72,-0.08534310888160011,-0.10778123709444896
WR,game_top_speed,true,SLOT_SAIL_ROUTE_RIGHT__time_to_peak_speed,69,-0.18286445012787728,-0.12625547186035596
WR,game_top_speed,true,SLOT_STRIKE_ROUTE_LEFT__time_to_peak_speed,71,-0.04178403755868545,-0.019723958922895288
WR,game_top_speed,true,GAUNTLET_DRILL__time_to_peak_speed,76,-0.03756664388243335,-0.05466628217109183
WR,game_top_speed,true,DAGGER_ROUTE_LEFT__time_to_peak_speed,76,0.07168831168831168,0.036485902157191524
WR,game_top_speed,true,RED_ZONE_FADE_RIGHT__time_to_peak_speed,69,0.18713920350749,0.20932296362256986
WR,game_top_speed,true,POST_CORNER_ROUTE_LEFT__time_to_peak_speed,57,-0.23872180451127822,-0.27640959283660543
WR,game_top_speed,true,SLANT_ROUTE_LEFT__total_turn_deg,76,-0.2109911141490089,-0.18207067819535525
WR,game_top_speed,true,FORTY_YARD_DASH__total_turn_deg,68,-0.17868458220406913,-0.17576719526914025
WR,game_top_speed,true,GO_ROUTE_RIGHT__total_turn_deg,67,0.11098252055231864,0.10545614538548487
WR,game_top_speed,true,COMEBACK_ROUTE_RIGHT__total_turn_deg,68,0.12646486238882312,0.13161980822387556
WR,game_top_speed,true,OVER_SHOULDER_ADJUST__total_turn_deg,73,-0.002468221646303839,-0.05806238387110535
WR,game_top_speed,true,SPEED_OUT_ROUTE_LEFT__total_turn_deg,76,-0.10739576213260424,-0.1260761913656888
WR,game_top_speed,true,POST_CORNER_ROUTE_RIGHT__total_turn_deg,67,0.03416074706680502,0.03923296470805
WR,game_top_speed,true,CURL_ROUTE_RIGHT__total_turn_deg,72,-0.03231719081612966,-0.07239169507222745
WR,game_top_speed,true,SLOT_SAIL_ROUTE_RIGHT__total_turn_deg,69,0.07281695286810377,0.08969611019360361
WR,game_top_speed,true,SLOT_STRIKE_ROUTE_LEFT__total_turn_deg,71,-0.17162977867203216,-0.15690644602571807
WR,game_top_speed,true,GAUNTLET_DRILL__total_turn_deg,76,-0.05569377990430622,0.001264404174898055
WR,game_top_speed,true,DAGGER_ROUTE_LEFT__total_turn_deg,76,-0.10498974709501026,-0.11264446914717671
WR,game_top_speed,true,RED_ZONE_FADE_RIGHT__total_turn_deg,69,-0.03452685421994885,-0.07882868705970347
WR,game_top_speed,true,POST_CORNER_ROUTE_LEFT__total_turn_deg,57,0.22698988851438945,0.2699889088269108
WR,game_top_speed,true,SLANT_ROUTE_LEFT__peak_ang_vel,76,-0.11701982228298018,-0.11398087858938008
WR,game_top_speed,true,FORTY_YARD_DASH__peak_ang_vel,68,-0.17383669885864791,-0.1476426848667921
WR,game_top_speed,true,GO_ROUTE_RIGHT__peak_ang_vel,67,-0.07127464282863757,-0.06124269711188087
WR,game_top_speed,true,COMEBACK_ROUTE_RIGHT__peak_ang_vel,68,0.09302591899835858,0.1094120715396929
WR,game_top_speed,true,OVER_SHOULDER_ADJUST__peak_ang_vel,73,-0.0716092805133901,-0.1393045509040376
WR,game_top_speed,true,SPEED_OUT_ROUTE_LEFT__peak_ang_vel,76,-0.13427204374572796,-0.11849402304667825
WR,game_top_speed,true,POST_CORNER_ROUTE_RIGHT__peak_ang_vel,67,0.067842605156038,0.07366617852323977
WR,game_top_speed,true,CURL_ROUTE_RIGHT__peak_ang_vel,72,-0.08553604733423373,-0.11727454718419145
WR,game_top_speed,true,SLOT_SAIL_ROUTE_RIGHT__peak_ang_vel,69,-0.024735111435878702,-0.024893571537888223
WR,game_top_speed,true,SLOT_STRIKE_ROUTE_LEFT__peak_ang_vel,71,-0.15258215962441313,-0.14018789759950964
WR,game_top_speed,true,GAUNTLET_DRILL__peak_ang_vel,76,-0.003417634996582365,0.04939180066585547
WR,game_top_speed,true,DAGGER_ROUTE_LEFT__peak_ang_vel,76,-0.15269993164730006,-0.16914137024449363
WR,game_top_speed,true,RED_ZONE_FADE_RIGHT__peak_ang_vel,69,0.05853123858238948,0.05056995226283009
WR,game_top_speed,true,POST_CORNER_ROUTE_LEFT__peak_ang_vel,57,0.1982110448535131,0.27643658368113516
WR,game_top_speed,true,SLANT_ROUTE_LEFT__speed_at_peak_turn,76,-0.023349282296650717,-0.005674204692823324
WR,game_top_speed,true,FORTY_YARD_DASH__speed_at_peak_turn,68,0.1335267397030194,0.13396243727894314
WR,game_top_speed,true,GO_ROUTE_RIGHT__speed_at_peak_turn,67,0.16485753052917235,0.18635541728622107
WR,game_top_speed,true,COMEBACK_ROUTE_RIGHT__speed_at_peak_turn,68,0.1001641409321678,0.10434159669739185
WR,game_top_speed,true,OVER_SHOULDER_ADJUST__speed_at_peak_turn,73,0.1466740713316056,0.12826760195624712
WR,game_top_speed,true,SPEED_OUT_ROUTE_LEFT__speed_at_peak_turn,76,0.09312371838687628,0.09350451248699097
WR,game_top_speed,true,POST_CORNER_ROUTE_RIGHT__speed_at_peak_turn,67,-0.02705722723281986,-0.05777468965214259
WR,game_top_speed,true,CURL_ROUTE_RIGHT__speed_at_peak_turn,72,0.011576307158016596,0.04508475419881904
WR,game_top_speed,true,SLOT_SAIL_ROUTE_RIGHT__speed_at_peak_turn,69,0.013006941907197665,0.011958037858357534
WR,game_top_speed,true,SLOT_STRIKE_ROUTE_LEFT__speed_at_peak_turn,71,0.02622401073105298,-0.0283356855703477
WR,game_top_speed,true,GAUNTLET_DRILL__speed_at_peak_turn,76,0.04869446343130554,-0.014571303934767976
WR,game_top_speed,true,DAGGER_ROUTE_LEFT__speed_at_peak_turn,76,0.10739576213260424,0.06638817827396745
WR,game_top_speed,true,RED_ZONE_FADE_RIGHT__speed_at_peak_turn,69,-0.023383266350018275,-0.04554820237478764
WR,game_top_speed,true,POST_CORNER_ROUTE_LEFT__speed_at_peak_turn,57,-0.20294270158154007,-0.3153501609399395
WR,game_top_speed,true,FORTY_YARD_DASH__split_2,68,-0.020956598083750045,-0.014815640231833656
WR,game_top_speed,true,FORTY_YARD_DASH__split_5,68,-0.03905027293201511,-0.02179047704557184
WR,game_top_speed,true,FORTY_YARD_DASH__split_10,68,-0.049165935030728705,-0.022457386754372075
WR,game_top_speed,true,FORTY_YARD_DASH__split_20,68,-0.07237469939306027,-0.037245730768032316
WR,game_top_speed,true,FORTY_YARD_DASH__split_40,68,-0.24147803183570635,-0.19063849257566476
WR,game_top_speed,true,FORTY_YARD_DASH__flying_10_speed,68,0.5702561361988013,0.5449276701219284
TE,starts_per_season,true,combine_height,42,0.1994165788833968,0.1787673076021832
TE,starts_per_season,true,combine_weight,42,0.32533830321691926,0.29202199210835544
TE,starts_per_season,true,hand_size,42,0.033465683494044246,0.04307573048551883
TE,starts_per_season,true,arm_length,42,-0.0666882748561705,-0.011868012582624184
TE,starts_per_season,true,wing_span,42,0.05453366826027064,0.15103166343530774
TE,starts_per_season,true,ten_yd_split,34,-0.033155080213903745,0.23841563620647502
TE,starts_per_season,true,forty,34,0.1948051948051948,0.6131635563262043
TE,starts_per_season,true,vertical,35,-0.2607843137254902,-0.43673615748616434
TE,starts_per_season,true,broad_jump,35,-0.10784313725490198,-0.372595026363861
TE,starts_per_season,true,ngs_athleticism_score,42,0.11579288550360586,-0.25320633719293884
TE,starts_per_season,true,FORTY_YARD_DASH__duration,34,0.03254392666157372,0.3033447016224365
TE,starts_per_season,true,OVER_SHOULDER_ADJUST__duration,42,0.15582205655943604,-0.0552853532587543
TE,starts_per_season,true,BLOCK_EXPLOSION__duration,39,0.3002024291497976,0.2546575015078075
TE,starts_per_season,true,FLAT_ROUTE_LEFT__duration,42,-0.013694190098047159,-0.09380566986987848
TE,starts_per_season,true,IN_ROUTE_LEFT__duration,40,0.13921200750469045,0.049954990544508304
TE,starts_per_season,true,WHEEL_ROUTE_LEFT__duration,40,0.053095684803001884,-0.021743984317769968
TE,starts_per_season,true,GAUNTLET_DRILL__duration,41,0.02909407665505227,0.045263075338560055
TE,starts_per_season,true,HOOK_ROUTE_RIGHT__duration,41,-0.11428571428571432,0.11969345171722004
TE,starts_per_season,true,CORNER_ROUTE__duration,30,0.22313681868743046,0.186033983966083
TE,starts_per_season,true,FORTY_YARD_DASH__distance,34,-0.2660045836516424,-0.08854879737256252
TE,starts_per_season,true,OVER_SHOULDER_ADJUST__distance,42,0.010290900251195204,-0.09415934896182941
TE,starts_per_season,true,BLOCK_EXPLOSION__distance,39,0.3200404858299595,0.3084645160312062
TE,starts_per_season,true,FLAT_ROUTE_LEFT__distance,42,0.10055911190341141,-0.05754735742738544
TE,starts_per_season,true,IN_ROUTE_LEFT__distance,40,0.16735459662288932,0.04002679007970573
TE,starts_per_season,true,WHEEL_ROUTE_LEFT__distance,40,0.02889305816135085,-0.1005494541231715
TE,starts_per_season,true,GAUNTLET_DRILL__distance,41,0.2374564459930314,0.09594962128301673
TE,starts_per_season,true,HOOK_ROUTE_RIGHT__distance,41,-0.23606271777003487,0.014958745927186235
TE,starts_per_season,true,CORNER_ROUTE__distance,30,0.08832035595105672,0.055986468186011454
TE,starts_per_season,true,FORTY_YARD_DASH__peak_speed,34,-0.2641711229946524,-0.5483828279997549
TE,starts_per_season,true,OVER_SHOULDER_ADJUST__peak_speed,42,-0.0478891499878454,-0.054210219728648174
TE,starts_per_season,true,BLOCK_EXPLOSION__peak_speed,39,0.11761133603238867,0.17545407639446606
TE,starts_per_season,true,FLAT_ROUTE_LEFT__peak_speed,42,0.02779353374929098,-0.07032498842191734
TE,starts_per_season,true,IN_ROUTE_LEFT__peak_speed,40,0.17467166979362103,-0.020114073589523097
TE,starts_per_season,true,WHEEL_ROUTE_LEFT__peak_speed,40,-0.006191369606003753,-0.18674437725148427
TE,starts_per_season,true,GAUNTLET_DRILL__peak_speed,41,0.06306620209059235,-0.08191593959444858
TE,starts_per_season,true,HOOK_ROUTE_RIGHT__peak_speed,41,-0.11602787456445995,-0.26933589777535794
TE,starts_per_season,true,CORNER_ROUTE__peak_speed,30,-0.11012235817575085,-0.05798402211941663
TE,starts_per_season,true,FORTY_YARD_DASH__mean_speed,34,-0.12605042016806722,-0.3817154165964504
TE,starts_per_season,true,OVER_SHOULDER_ADJUST__mean_speed,42,-0.1849931123895957,-0.0694435767529152
TE,starts_per_season,true,BLOCK_EXPLOSION__mean_speed,39,0.16356275303643728,0.18436322293733687
TE,starts_per_season,true,FLAT_ROUTE_LEFT__mean_speed,42,0.08937687383518354,-0.04228635055021217
TE,starts_per_season,true,IN_ROUTE_LEFT__mean_speed,40,0.06960600375234523,0.08471060712946095
TE,starts_per_season,true,WHEEL_ROUTE_LEFT__mean_speed,40,0.030206378986866796,-0.21242365935092564
TE,starts_per_season,true,GAUNTLET_DRILL__mean_speed,41,0.11829268292682929,-0.015244959787131489
TE,starts_per_season,true,HOOK_ROUTE_RIGHT__mean_speed,41,-0.21689895470383277,-0.1652075808852176
TE,starts_per_season,true,CORNER_ROUTE__mean_speed,30,-0.22447163515016688,-0.18550282795750528
TE,starts_per_season,true,FORTY_YARD_DASH__peak_accel,34,0.04660045836516424,-0.23280552545509003
TE,starts_per_season,true,OVER_SHOULDER_ADJUST__peak_accel,42,0.1284336763633417,0.057407699827807544
TE,starts_per_season,true,BLOCK_EXPLOSION__peak_accel,39,0.11133603238866398,0.14816368249588227
TE,starts_per_season,true,FLAT_ROUTE_LEFT__peak_accel,42,-0.1874240337087756,-0.3762561299905956
TE,starts_per_season,true,IN_ROUTE_LEFT__peak_accel,40,0.10243902439024392,0.06085020177785491
TE,starts_per_season,true,WHEEL_ROUTE_LEFT__peak_accel,40,0.08123827392120077,0.04321210120084884
TE,starts_per_season,true,GAUNTLET_DRILL__peak_accel,41,0.3261324041811848,0.03475945148662714
TE,starts_per_season,true,HOOK_ROUTE_RIGHT__peak_accel,41,-0.01777003484320558,0.0036024109942742813
TE,starts_per_season,true,CORNER_ROUTE__peak_accel,30,0.060734149054505006,-0.16965956847245753
TE,starts_per_season,true,FORTY_YARD_DASH__peak_long_accel,34,-0.1608861726508785,-0.3155087248476195
TE,starts_per_season,true,OVER_SHOULDER_ADJUST__peak_long_accel,42,0.0418928774005348,0.08241720114134728
TE,starts_per_season,true,BLOCK_EXPLOSION__peak_long_accel,39,0.031578947368421054,0.00673943746712624
TE,starts_per_season,true,FLAT_ROUTE_LEFT__peak_long_accel,42,-0.12422007941009643,-0.35447545328731656
TE,starts_per_season,true,IN_ROUTE_LEFT__peak_long_accel,40,0.15684803001876174,0.05285050573587091
TE,starts_per_season,true,WHEEL_ROUTE_LEFT__peak_long_accel,40,0.09080675422138838,0.14270179092207122
TE,starts_per_season,true,GAUNTLET_DRILL__peak_long_accel,41,0.02526132404181185,-0.05372636023099288
TE,starts_per_season,true,HOOK_ROUTE_RIGHT__peak_long_accel,41,0.17125435540069692,-0.10812336410964851
TE,starts_per_season,true,CORNER_ROUTE__peak_long_accel,30,-0.2587319243604005,-0.3836136752572047
TE,starts_per_season,true,FORTY_YARD_DASH__peak_long_decel,34,-0.009320091673032849,-0.06738422898518216
TE,starts_per_season,true,OVER_SHOULDER_ADJUST__peak_long_decel,42,0.09585933068633012,0.09111733520787471
TE,starts_per_season,true,BLOCK_EXPLOSION__peak_long_decel,39,0.011336032388663967,0.12212668768235872
TE,starts_per_season,true,FLAT_ROUTE_LEFT__peak_long_decel,42,-0.18596548091726767,-0.2044351131615282
TE,starts_per_season,true,IN_ROUTE_LEFT__peak_long_decel,40,0.10844277673545967,0.005085773794468974
TE,starts_per_season,true,WHEEL_ROUTE_LEFT__peak_long_decel,40,-0.19099437148217638,-0.06059892604219032
TE,starts_per_season,true,GAUNTLET_DRILL__peak_long_decel,41,0.2874564459930314,0.2808555531767856
TE,starts_per_season,true,HOOK_ROUTE_RIGHT__peak_long_decel,41,0.0019163763066202095,0.011000859691085843
TE,starts_per_season,true,CORNER_ROUTE__peak_long_decel,30,0.2387096774193548,0.14520236982810955
TE,starts_per_season,true,FORTY_YARD_DASH__time_to_peak_speed,34,-0.033155080213903745,0.11377604785693192
TE,starts_per_season,true,OVER_SHOULDER_ADJUST__time_to_peak_speed,42,-0.17867271695972772,-0.22567401379049423
TE,starts_per_season,true,BLOCK_EXPLOSION__time_to_peak_speed,39,0.07631578947368423,0.07596907557055932
TE,starts_per_season,true,FLAT_ROUTE_LEFT__time_to_peak_speed,42,-0.06879507333279314,0.01010221371344472
TE,starts_per_season,true,IN_ROUTE_LEFT__time_to_peak_speed,40,0.06585365853658537,0.06628720645878537
TE,starts_per_season,true,WHEEL_ROUTE_LEFT__time_to_peak_speed,40,-0.08067542213883679,-0.1559335515845053
TE,starts_per_season,true,GAUNTLET_DRILL__time_to_peak_speed,41,-0.22195121951219518,-0.4125792608834417
TE,starts_per_season,true,HOOK_ROUTE_RIGHT__time_to_peak_speed,41,-0.2911149825783973,-0.2934761802849419
TE,starts_per_season,true,CORNER_ROUTE__time_to_peak_speed,30,-0.04827586206896552,0.005745708707681861
TE,starts_per_season,true,FORTY_YARD_DASH__total_turn_deg,34,-0.05301757066462948,-0.12254530033889442
TE,starts_per_season,true,OVER_SHOULDER_ADJUST__total_turn_deg,42,-0.06231261648164655,-0.0269057638502654
TE,starts_per_season,true,BLOCK_EXPLOSION__total_turn_deg,39,0.308502024291498,0.2870287299928226
TE,starts_per_season,true,FLAT_ROUTE_LEFT__total_turn_deg,42,-0.0918077951543635,-0.05586478519362017
TE,starts_per_season,true,IN_ROUTE_LEFT__total_turn_deg,40,0.009005628517823642,0.09367048582775572
TE,starts_per_season,true,WHEEL_ROUTE_LEFT__total_turn_deg,40,-0.09512195121951221,-0.051981118663157654
TE,starts_per_season,true,GAUNTLET_DRILL__total_turn_deg,41,-0.1722996515679443,-0.1459360140029448
TE,starts_per_season,true,HOOK_ROUTE_RIGHT__total_turn_deg,41,-0.2468641114982579,-0.011486567291954283
TE,starts_per_season,true,CORNER_ROUTE__total_turn_deg,30,0.24849833147942155,0.1284145821940032
TE,starts_per_season,true,FORTY_YARD_DASH__peak_ang_vel,34,-0.07563025210084033,-0.06288440892980013
TE,starts_per_season,true,OVER_SHOULDER_ADJUST__peak_ang_vel,42,-0.019366339842800423,-0.008297266967605544
TE,starts_per_season,true,BLOCK_EXPLOSION__peak_ang_vel,38,0.13951198161724476,0.03353913220290958
TE,starts_per_season,true,FLAT_ROUTE_LEFT__peak_ang_vel,42,-0.185803419495989,-0.10285480364678949
TE,starts_per_season,true,IN_ROUTE_LEFT__peak_ang_vel,40,0.05666041275797375,0.05923077136304302
TE,starts_per_season,true,WHEEL_ROUTE_LEFT__peak_ang_vel,40,-0.007129455909943716,0.14829314833995316
TE,starts_per_season,true,GAUNTLET_DRILL__peak_ang_vel,41,0.2036585365853659,0.15469172773401418
TE,starts_per_season,true,HOOK_ROUTE_RIGHT__peak_ang_vel,41,-0.20104529616724742,0.0005535711195601177
TE,starts_per_season,true,CORNER_ROUTE__peak_ang_vel,30,0.010011123470522802,-0.1002318542066382
TE,starts_per_season,true,FORTY_YARD_DASH__speed_at_peak_turn,34,0.025210084033613443,0.061405942690120105
TE,starts_per_season,true,OVER_SHOULDER_ADJUST__speed_at_peak_turn,42,0.08240823272020097,-0.09692065154611007
TE,starts_per_season,true,BLOCK_EXPLOSION__speed_at_peak_turn,38,0.050880840354524566,0.1349189265556907
TE,starts_per_season,true,FLAT_ROUTE_LEFT__speed_at_peak_turn,42,0.1509602139210761,0.06481215284865942
TE,starts_per_season,true,IN_ROUTE_LEFT__speed_at_peak_turn,40,-0.016135084427767357,-0.07022326805662568
TE,starts_per_season,true,WHEEL_ROUTE_LEFT__speed_at_peak_turn,40,0.13208255159474674,0.11250151283671991
TE,starts_per_season,true,GAUNTLET_DRILL__speed_at_peak_turn,41,-0.09477351916376309,-0.2960544892618523
TE,starts_per_season,true,HOOK_ROUTE_RIGHT__speed_at_peak_turn,41,-0.0740418118466899,-0.21390151416986486
TE,starts_per_season,true,CORNER_ROUTE__speed_at_peak_turn,30,0.03848720800889878,0.14495189263269265
TE,starts_per_season,true,FORTY_YARD_DASH__split_2,34,0.03223834988540871,-0.13241974498016562
TE,starts_per_season,true,FORTY_YARD_DASH__split_5,34,0.03101604278074866,-0.06881606150039267
TE,starts_per_season,true,FORTY_YARD_DASH__split_10,34,0.014820473644003056,-0.000963694918171972
TE,starts_per_season,true,FORTY_YARD_DASH__split_20,34,0.04140565317035905,0.06263666903259935
TE,starts_per_season,true,FORTY_YARD_DASH__split_40,34,0.1630252100840336,0.23981915257877962
TE,starts_per_season,true,FORTY_YARD_DASH__flying_10_speed,34,-0.27883880825057294,-0.554479045004298
DB,starts_per_season,true,combine_height,122,-0.06921198462763656,-0.006943447000150706
DB,starts_per_season,true,combine_weight,122,0.0791121567901765,0.13272978476773456
DB,starts_per_season,true,hand_size,122,0.0038761354962147374,-0.01600000781021849
DB,starts_per_season,true,arm_length,122,-0.03197068280125966,-0.0010115786438446264
DB,starts_per_season,true,wing_span,122,-0.010927860260854336,0.04612714564624498
DB,starts_per_season,true,ten_yd_split,104,-0.15089085671609945,0.07227248466219821
DB,starts_per_season,true,forty,104,-0.1263842953163342,0.23466093187626383
DB,starts_per_season,true,vertical,105,0.1522807381297947,-0.10363553840468456
DB,starts_per_season,true,broad_jump,98,0.25096111546774286,-0.07582472704288223
DB,starts_per_season,true,three_cone,25,0.08923076923076922,0.22017992753029758
DB,starts_per_season,true,short_shuttle,33,-0.08990641711229946,0.03210749032561859
DB,starts_per_season,true,bench_reps,45,-0.23188405797101447,-0.3789799871450913
DB,starts_per_season,true,ngs_athleticism_score,122,0.1272053162206192,-0.2025352988668299
DB,starts_per_season,true,FORTY_YARD_DASH__duration,102,-0.13821239348378012,0.07694749532984291
DB,starts_per_season,true,BACK_PEDAL_AND_90_DEGREE_BREAK_TO_BALL__duration,122,0.09116683904950416,0.0876063737252397
DB,starts_per_season,true,LINE_DRILL__duration,118,-0.06687264214681962,0.00997999560985282
DB,starts_per_season,true,BOX_DRILL__duration,122,-0.13339127159053735,-0.05816056046516037
DB,starts_per_season,true,BACK_PEDAL_AND_TRANSITION_45_DEGREE_REACTION__duration,122,-0.0726287997197815,0.006474679273682604
DB,starts_per_season,true,GAUNTLET_DRILL__duration,119,0.06217063096425013,0.18109993795795104
DB,starts_per_season,true,W_DRILL__duration,121,-0.13370816962471205,-0.08470136133433366
DB,starts_per_season,true,SHORT_SHUTTLE__duration,28,0.0180623973727422,-0.018665138514209274
DB,starts_per_season,true,TERYL_AUSTIN_DRILL_2__duration,111,-0.07532467532467532,-0.11393469931335093
DB,starts_per_season,true,TERYL_AUSTIN_DRILL_1__duration,101,0.04585905649388467,0.14982966595015196
DB,starts_per_season,true,FORTY_YARD_DASH__distance,102,-0.04331895211223007,-0.03712186727163148
DB,starts_per_season,true,BACK_PEDAL_AND_90_DEGREE_BREAK_TO_BALL__distance,122,0.026108564838527398,-0.00274521064750616
DB,starts_per_season,true,LINE_DRILL__distance,118,0.004152378030742936,-0.08364344224028282
DB,starts_per_season,true,BOX_DRILL__distance,122,-0.13849997191206162,-0.10968008415445003
DB,starts_per_season,true,BACK_PEDAL_AND_TRANSITION_45_DEGREE_REACTION__distance,122,-0.045327323616008136,-0.018190086800028014
DB,starts_per_season,true,GAUNTLET_DRILL__distance,119,0.08978065802592225,0.13179634217589298
DB,starts_per_season,true,W_DRILL__distance,121,-0.10786478796910985,-0.12967301144487134
DB,starts_per_season,true,SHORT_SHUTTLE__distance,28,0.3853311439518336,0.1715105087903609
DB,starts_per_season,true,TERYL_AUSTIN_DRILL_2__distance,111,-0.033696033696033696,-0.16234852295797947
DB,starts_per_season,true,TERYL_AUSTIN_DRILL_1__distance,101,0.01735585323238206,0.08925947049348816
DB,starts_per_season,true,FORTY_YARD_DASH__peak_speed,102,0.10040655693210668,-0.24216452653473206
DB,starts_per_season,true,BACK_PEDAL_AND_90_DEGREE_BREAK_TO_BALL__peak_speed,122,-0.022156426685524137,-0.056052117047752856
DB,starts_per_season,true,LINE_DRILL__peak_speed,118,-0.127774186597716,-0.1760716010754721
DB,starts_per_season,true,BOX_DRILL__peak_speed,122,0.08831178272492655,-0.05292333920038062
DB,starts_per_season,true,BACK_PEDAL_AND_TRANSITION_45_DEGREE_REACTION__peak_speed,122,0.10885893576453716,-0.09758868869735049
DB,starts_per_season,true,GAUNTLET_DRILL__peak_speed,119,-0.025117504628970236,-0.14001588136390603
DB,starts_per_season,true,W_DRILL__peak_speed,121,0.06769407939303616,0.009172650278231817
DB,starts_per_season,true,SHORT_SHUTTLE__peak_speed,28,0.042692939244663386,-0.23448536910970863
DB,starts_per_season,true,TERYL_AUSTIN_DRILL_2__peak_speed,111,0.03932081432081432,-0.07896636007012357
DB,starts_per_season,true,TERYL_AUSTIN_DRILL_1__peak_speed,101,-0.018625509609784506,-0.03716009332390209
DB,starts_per_season,true,FORTY_YARD_DASH__mean_speed,102,0.1480851111953,-0.07620664634453872
DB,starts_per_season,true,BACK_PEDAL_AND_90_DEGREE_BREAK_TO_BALL__mean_speed,122,-0.06069307814064457,-0.10849457450302877
DB,starts_per_season,true,LINE_DRILL__mean_speed,118,0.03382161208681647,-0.13449479895648137
DB,starts_per_season,true,BOX_DRILL__mean_speed,122,-0.085483162107058,-0.1459874189449602
DB,starts_per_season,true,BACK_PEDAL_AND_TRANSITION_45_DEGREE_REACTION__mean_speed,122,0.048598742321253316,-0.06793350116988012
DB,starts_per_season,true,GAUNTLET_DRILL__mean_speed,119,0.003069363338555762,-0.13654858316853832
DB,starts_per_season,true,W_DRILL__mean_speed,121,0.07414984419455357,-0.004172831671179643
DB,starts_per_season,true,SHORT_SHUTTLE__mean_speed,28,0.18555008210180626,-0.029422344666202527
DB,starts_per_season,true,TERYL_AUSTIN_DRILL_2__mean_speed,111,-0.022736047736047735,-0.22022853224066816
DB,starts_per_season,true,TERYL_AUSTIN_DRILL_1__mean_speed,101,0.026045428072218983,0.035322585877057326
DB,starts_per_season,true,FORTY_YARD_DASH__peak_accel,102,0.23241598860057336,0.08877265751833187
DB,starts_per_season,true,BACK_PEDAL_AND_90_DEGREE_BREAK_TO_BALL__peak_accel,122,0.13333179125044198,-0.011776697232489471
DB,starts_per_season,true,LINE_DRILL__peak_accel,118,0.007285834803282461,-0.07453844055319982
DB,starts_per_season,true,BOX_DRILL__peak_accel,122,0.0383549059714957,-0.13402291471446948
DB,starts_per_season,true,BACK_PEDAL_AND_TRANSITION_45_DEGREE_REACTION__peak_accel,122,0.07021654148258052,0.12166156706163307
DB,starts_per_season,true,GAUNTLET_DRILL__peak_accel,119,0.17134311351659312,0.18926232200758958
DB,starts_per_season,true,W_DRILL__peak_accel,121,0.08872781465926023,0.03566977740026016
DB,starts_per_season,true,SHORT_SHUTTLE__peak_accel,28,0.41379310344827586,0.27478070623173734
DB,starts_per_season,true,TERYL_AUSTIN_DRILL_2__peak_accel,111,0.06749736749736748,-0.04489930657102361
DB,starts_per_season,true,TERYL_AUSTIN_DRILL_1__peak_accel,101,-0.07905649388468258,-0.14951581249403084
DB,starts_per_season,true,FORTY_YARD_DASH__peak_long_accel,102,0.24028702127779883,0.12229599074640851
DB,starts_per_season,true,BACK_PEDAL_AND_90_DEGREE_BREAK_TO_BALL__peak_long_accel,122,-0.09407476678749987,-0.14450010378832195
DB,starts_per_season,true,LINE_DRILL__peak_long_accel,118,0.027174885599611422,-0.08564097024714491
DB,starts_per_season,true,BOX_DRILL__peak_long_accel,122,-0.004860865571126922,-0.11816247554006185
DB,starts_per_season,true,BACK_PEDAL_AND_TRANSITION_45_DEGREE_REACTION__peak_long_accel,122,-0.0973726211994541,-0.017083654062874706
DB,starts_per_season,true,GAUNTLET_DRILL__peak_long_accel,119,-0.02947585813986612,-0.06829685681102794
DB,starts_per_season,true,W_DRILL__peak_long_accel,121,0.12885110418642456,0.05649590956444043
DB,starts_per_season,true,SHORT_SHUTTLE__peak_long_accel,28,0.39244663382594414,0.3238274884218082
DB,starts_per_season,true,TERYL_AUSTIN_DRILL_2__peak_long_accel,111,0.14024219024219023,0.04980069863628123
DB,starts_per_season,true,TERYL_AUSTIN_DRILL_1__peak_long_accel,101,0.0302853814793244,-0.08111776416770175
DB,starts_per_season,true,FORTY_YARD_DASH__peak_long_decel,102,0.10608365234010551,0.09070844004125286
DB,starts_per_season,true,BACK_PEDAL_AND_90_DEGREE_BREAK_TO_BALL__peak_long_decel,122,0.14247193684509665,0.07523299661922615
DB,starts_per_season,true,LINE_DRILL__peak_long_decel,118,-0.06035738937035049,-0.052760861674579704
DB,starts_per_season,true,BOX_DRILL__peak_long_decel,122,-0.15925861060534463,-0.06258805801078526
DB,starts_per_season,true,BACK_PEDAL_AND_TRANSITION_45_DEGREE_REACTION__peak_long_decel,122,-0.048354212034194585,-0.009404105843362322
DB,starts_per_season,true,GAUNTLET_DRILL__peak_long_decel,119,0.1781512605042017,0.21855663217611132
DB,starts_per_season,true,W_DRILL__peak_long_decel,121,-0.014964097005825763,-0.07661063570706385
DB,starts_per_season,true,SHORT_SHUTTLE__peak_long_decel,28,0.5380405035577449,0.3755329392068358
DB,starts_per_season,true,TERYL_AUSTIN_DRILL_2__peak_long_decel,111,0.07860652860652861,0.07357807842082338
DB,starts_per_season,true,TERYL_AUSTIN_DRILL_1__peak_long_decel,101,0.004566103669190448,-0.10137584176864638
DB,starts_per_season,true,FORTY_YARD_DASH__time_to_peak_speed,102,-0.22511040367314858,-0.08840014943530629
DB,starts_per_season,true,BACK_PEDAL_AND_90_DEGREE_BREAK_TO_BALL__time_to_peak_speed,122,-0.02014731297563619,0.050842536458419386
DB,starts_per_season,true,LINE_DRILL__time_to_peak_speed,118,-0.10350998287189714,-0.007345273985801443
DB,starts_per_season,true,BOX_DRILL__time_to_peak_speed,122,-0.07254288367297708,0.020877707127890402
DB,starts_per_season,true,BACK_PEDAL_AND_TRANSITION_45_DEGREE_REACTION__time_to_peak_speed,122,-0.015580544641647471,0.0236761958914253
DB,starts_per_season,true,GAUNTLET_DRILL__time_to_peak_speed,119,-0.0063167639937330875,-0.09210165840503838
DB,starts_per_season,true,W_DRILL__time_to_peak_speed,121,-0.10200514835388157,0.01681904322374283
DB,starts_per_season,true,SHORT_SHUTTLE__time_to_peak_speed,28,0.11439518336070059,-0.004263283618388753
DB,starts_per_season,true,TERYL_AUSTIN_DRILL_2__time_to_peak_speed,111,-0.006835731835731836,-0.03308964849329565
DB,starts_per_season,true,TERYL_AUSTIN_DRILL_1__time_to_peak_speed,101,0.02256260920209668,0.1472092994947176
DB,starts_per_season,true,FORTY_YARD_DASH__total_turn_deg,102,0.07518758729099638,0.049073436348831205
DB,starts_per_season,true,BACK_PEDAL_AND_90_DEGREE_BREAK_TO_BALL__total_turn_deg,122,0.22523552562446095,0.08765414976521255
DB,starts_per_season,true,LINE_DRILL__total_turn_deg,118,-0.15562470098860925,-0.04687680220611994
DB,starts_per_season,true,BOX_DRILL__total_turn_deg,122,0.07198112490540974,0.021379370441886678
DB,starts_per_season,true,BACK_PEDAL_AND_TRANSITION_45_DEGREE_REACTION__total_turn_deg,122,0.05232617696722964,0.09768910161839002
DB,starts_per_season,true,GAUNTLET_DRILL__total_turn_deg,119,0.1826378008830651,0.2548503237726599
DB,starts_per_season,true,W_DRILL__total_turn_deg,121,0.057952851917084394,0.0004607956961947033
DB,starts_per_season,true,SHORT_SHUTTLE__total_turn_deg,28,0.062397372742200335,-0.01911719769709744
DB,starts_per_season,true,TERYL_AUSTIN_DRILL_2__total_turn_deg,111,0.04784134784134784,-0.06787370259354898
DB,starts_per_season,true,TERYL_AUSTIN_DRILL_1__total_turn_deg,101,-0.08182877111240536,-0.01464555778473221
DB,starts_per_season,true,FORTY_YARD_DASH__peak_ang_vel,102,0.20950404577864984,0.15948282759184582
DB,starts_per_season,true,BACK_PEDAL_AND_90_DEGREE_BREAK_TO_BALL__peak_ang_vel,122,0.10530994213884694,0.061292665248915315
DB,starts_per_season,true,LINE_DRILL__peak_ang_vel,118,-0.080655469488969,0.0003229761219865076
DB,starts_per_season,true,BOX_DRILL__peak_ang_vel,122,-0.11170077423576025,-0.04623227388862267
DB,starts_per_season,true,BACK_PEDAL_AND_TRANSITION_45_DEGREE_REACTION__peak_ang_vel,122,0.011026994161013279,0.05516743082656405
DB,starts_per_season,true,GAUNTLET_DRILL__peak_ang_vel,119,0.18826378008830652,0.2480929246274904
DB,starts_per_season,true,W_DRILL__peak_ang_vel,121,-0.01782956238992006,-0.06561153946782027
DB,starts_per_season,true,SHORT_SHUTTLE__peak_ang_vel,28,0.07717569786535304,0.055100718447617145
DB,starts_per_season,true,TERYL_AUSTIN_DRILL_2__peak_ang_vel,111,-0.1533169533169533,-0.2089241186329562
DB,starts_per_season,true,TERYL_AUSTIN_DRILL_1__peak_ang_vel,101,-0.07212580081537565,-0.045407727907616754
DB,starts_per_season,true,FORTY_YARD_DASH__speed_at_peak_turn,102,-0.13941114271335758,-0.16057036490280563
DB,starts_per_season,true,BACK_PEDAL_AND_90_DEGREE_BREAK_TO_BALL__speed_at_peak_turn,122,-0.07834552129561398,-0.11434674828929071
DB,starts_per_season,true,LINE_DRILL__speed_at_peak_turn,118,0.00251626074158477,0.0269943811459976
DB,starts_per_season,true,BOX_DRILL__speed_at_peak_turn,122,0.1137429325790345,-0.06977743606634645
DB,starts_per_season,true,BACK_PEDAL_AND_TRANSITION_45_DEGREE_REACTION__speed_at_peak_turn,122,0.1604614352606065,0.1543213618024603
DB,starts_per_season,true,GAUNTLET_DRILL__speed_at_peak_turn,119,-0.1453283008118502,-0.1721023471583175
DB,starts_per_season,true,W_DRILL__speed_at_peak_turn,121,0.031730117870207276,0.03844048909145703
DB,starts_per_season,true,SHORT_SHUTTLE__speed_at_peak_turn,28,0.2829775588396278,0.1711555578406799
DB,starts_per_season,true,TERYL_AUSTIN_DRILL_2__speed_at_peak_turn,111,0.17685152685152683,0.17988220248965356
DB,starts_per_season,true,TERYL_AUSTIN_DRILL_1__speed_at_peak_turn,101,0.028444962143273148,0.034257406500480855
DB,starts_per_season,true,FORTY_YARD_DASH__split_2,102,-0.1757920509355333,-0.11343530124316326
DB,starts_per_season,true,FORTY_YARD_DASH__split_5,102,-0.19491549383379228,-0.11084114613136975
DB,starts_per_season,true,FORTY_YARD_DASH__split_10,102,-0.20976415174355814,-0.09326280930177863
DB,starts_per_season,true,FORTY_YARD_DASH__split_20,102,-0.20699345776953482,-0.044182841293272775
DB,starts_per_season,true,FORTY_YARD_DASH__split_40,102,-0.19828556242260434,0.037780403473218316
DB,starts_per_season,true,FORTY_YARD_DASH__flying_10_speed,102,0.10745203589462315,-0.24349315665605967
DB,game_top_speed,true,combine_height,88,0.13381001021450462,0.13868502926987436
DB,game_top_speed,true,combine_weight,88,0.004666971927723575,0.03494248378151043
DB,game_top_speed,true,hand_size,88,-0.02567715120989046,-0.038658375941904355
DB,game_top_speed,true,arm_length,88,0.09036314324962136,0.08852141896021683
DB,game_top_speed,true,wing_span,88,0.08752773766334403,0.0929984216302706
DB,game_top_speed,true,ten_yd_split,77,-0.21581050528418946,-0.16779221951935552
DB,game_top_speed,true,forty,77,-0.24262579525737418,-0.1694974428499874
DB,game_top_speed,true,vertical,74,0.051373565346168076,-0.03597745929608335
DB,game_top_speed,true,broad_jump,68,0.14013054929953808,0.031078770020924386
DB,game_top_speed,true,bench_reps,34,0.2333078686019862,0.21579504401882213
DB,game_top_speed,true,ngs_athleticism_score,88,0.1121129935542954,0.02779181409689314
DB,game_top_speed,true,FORTY_YARD_DASH__duration,75,-0.19712660028449502,-0.15236898050545894
DB,game_top_speed,true,BACK_PEDAL_AND_90_DEGREE_BREAK_TO_BALL__duration,88,-0.23641294776513688,-0.2565840116204553
DB,game_top_speed,true,LINE_DRILL__duration,86,0.01285909712722298,0.06313929318482443
DB,game_top_speed,true,BOX_DRILL__duration,88,0.05283364446479518,0.09053189802863112
DB,game_top_speed,true,BACK_PEDAL_AND_TRANSITION_45_DEGREE_REACTION__duration,88,-0.038339614666619705,0.004609503353588127
DB,game_top_speed,true,GAUNTLET_DRILL__duration,85,0.15901895641977723,0.1753331894659654
DB,game_top_speed,true,W_DRILL__duration,88,0.05397837342819908,0.09576962938487846
DB,game_top_speed,true,TERYL_AUSTIN_DRILL_2__duration,81,0.11937669376693767,0.06829614748332567
DB,game_top_speed,true,TERYL_AUSTIN_DRILL_1__duration,73,0.020794767370109837,0.048032337138451876
DB,game_top_speed,true,FORTY_YARD_DASH__distance,75,-0.13467994310099574,-0.13918806615913432
DB,game_top_speed,true,BACK_PEDAL_AND_90_DEGREE_BREAK_TO_BALL__distance,88,-0.1670599837976824,-0.17414142283632675
DB,game_top_speed,true,LINE_DRILL__distance,86,0.047332421340629274,0.0428688817890025
DB,game_top_speed,true,BOX_DRILL__distance,88,-0.022172519460392382,0.0018604125385506688
DB,game_top_speed,true,BACK_PEDAL_AND_TRANSITION_45_DEGREE_REACTION__distance,88,-0.05899756965235463,-0.034360454419925766
DB,game_top_speed,true,GAUNTLET_DRILL__distance,85,0.20605823724838776,0.19357540860322422
DB,game_top_speed,true,W_DRILL__distance,88,-0.014634919516748265,-0.007319845254327834
DB,game_top_speed,true,TERYL_AUSTIN_DRILL_2__distance,81,0.08717253839205058,0.00792125443360285
DB,game_top_speed,true,TERYL_AUSTIN_DRILL_1__distance,73,0.02094903122300383,0.03279787979995999
DB,game_top_speed,true,FORTY_YARD_DASH__peak_speed,75,0.24349928876244667,0.18712208777809972
DB,game_top_speed,true,BACK_PEDAL_AND_90_DEGREE_BREAK_TO_BALL__peak_speed,88,-0.09068014511641015,-0.09212882888977741
DB,game_top_speed,true,LINE_DRILL__peak_speed,86,0.04512477003632247,0.05694778348905273
DB,game_top_speed,true,BOX_DRILL__peak_speed,88,-0.015638758761579375,-0.06847804622488714
DB,game_top_speed,true,BACK_PEDAL_AND_TRANSITION_45_DEGREE_REACTION__peak_speed,88,0.22905145996970877,0.18521388769850577
DB,game_top_speed,true,GAUNTLET_DRILL__peak_speed,85,0.09532929450850107,0.04825341175451552
DB,game_top_speed,true,W_DRILL__peak_speed,88,-0.024197809164876197,-0.048643322810303743
DB,game_top_speed,true,TERYL_AUSTIN_DRILL_2__peak_speed,81,-0.05991418247515808,-0.08534880302145616
DB,game_top_speed,true,TERYL_AUSTIN_DRILL_1__peak_speed,73,0.10366530914476121,0.07853452404606755
DB,game_top_speed,true,FORTY_YARD_DASH__mean_speed,75,0.14369843527738263,0.0989137586961131
DB,game_top_speed,true,BACK_PEDAL_AND_90_DEGREE_BREAK_TO_BALL__mean_speed,88,-0.0714310873164031,-0.07659014181198474
DB,game_top_speed,true,LINE_DRILL__mean_speed,86,-0.01818010283503939,-0.08029088743090712
DB,game_top_speed,true,BOX_DRILL__mean_speed,88,-0.11619879539290623,-0.1193873730050943
DB,game_top_speed,true,BACK_PEDAL_AND_TRANSITION_45_DEGREE_REACTION__mean_speed,88,-0.025043147476312918,-0.057459131244353874
DB,game_top_speed,true,GAUNTLET_DRILL__mean_speed,85,-0.02114520226695329,-0.054418079533713255
DB,game_top_speed,true,W_DRILL__mean_speed,88,0.020182452185551765,-0.025407391251709398
DB,game_top_speed,true,TERYL_AUSTIN_DRILL_2__mean_speed,81,0.024661246612466124,-0.04404756804998846
DB,game_top_speed,true,TERYL_AUSTIN_DRILL_1__mean_speed,73,0.013204985807725536,-0.0035651939276881124
DB,game_top_speed,true,FORTY_YARD_DASH__peak_accel,75,0.2193172119487909,0.1732698400383764
DB,game_top_speed,true,BACK_PEDAL_AND_90_DEGREE_BREAK_TO_BALL__peak_accel,88,0.14280934098834142,0.097822474854392
DB,game_top_speed,true,LINE_DRILL__peak_accel,86,-0.06288032454361053,-0.09085881265609605
DB,game_top_speed,true,BOX_DRILL__peak_accel,88,0.025571483920960873,-0.013936395082716505
DB,game_top_speed,true,BACK_PEDAL_AND_TRANSITION_45_DEGREE_REACTION__peak_accel,88,0.0018843999859110283,0.016979243986946013
DB,game_top_speed,true,GAUNTLET_DRILL__peak_accel,85,0.05249169435215947,0.047856829586064936
DB,game_top_speed,true,W_DRILL__peak_accel,88,0.06972279947870806,0.05577687379067805
DB,game_top_speed,true,TERYL_AUSTIN_DRILL_2__peak_accel,81,0.15178410117434507,0.10801524760545658
DB,game_top_speed,true,TERYL_AUSTIN_DRILL_1__peak_accel,73,0.05133901024311985,0.056918857362850454
DB,game_top_speed,true,FORTY_YARD_DASH__peak_long_accel,75,0.16170697012802276,0.11230230270981544
DB,game_top_speed,true,BACK_PEDAL_AND_90_DEGREE_BREAK_TO_BALL__peak_long_accel,88,0.03013278855975486,0.01677798634671285
DB,game_top_speed,true,LINE_DRILL__peak_long_accel,86,0.01468937214019529,-0.013486485018417257
DB,game_top_speed,true,BOX_DRILL__peak_long_accel,88,0.04073473988235709,-0.005696159548481913
DB,game_top_speed,true,BACK_PEDAL_AND_TRANSITION_45_DEGREE_REACTION__peak_long_accel,88,-0.043658201542742435,-0.0007491476431934479
DB,game_top_speed,true,GAUNTLET_DRILL__peak_long_accel,85,0.03582177056869259,0.029634551794350438
DB,game_top_speed,true,W_DRILL__peak_long_accel,88,0.15193195026592937,0.12920567982410136
DB,game_top_speed,true,TERYL_AUSTIN_DRILL_2__peak_long_accel,81,0.15266485998193316,0.10762651738661722
DB,game_top_speed,true,TERYL_AUSTIN_DRILL_1__peak_long_accel,73,-0.04569295322719981,-0.06696495148724554
DB,game_top_speed,true,FORTY_YARD_DASH__peak_long_decel,75,-0.05160739687055477,-0.05576734745689723
DB,game_top_speed,true,BACK_PEDAL_AND_90_DEGREE_BREAK_TO_BALL__peak_long_decel,88,-0.08372371526187879,-0.12382259600157203
DB,game_top_speed,true,LINE_DRILL__peak_long_decel,86,-0.06093683664323789,-0.058791550359713375
DB,game_top_speed,true,BOX_DRILL__peak_long_decel,88,0.1594167165651087,0.2168501230338763
DB,game_top_speed,true,BACK_PEDAL_AND_TRANSITION_45_DEGREE_REACTION__peak_long_decel,88,-0.06864851537459055,-0.03811461889991103
DB,game_top_speed,true,GAUNTLET_DRILL__peak_long_decel,85,0.25681063122923586,0.24047892025690082
DB,game_top_speed,true,W_DRILL__peak_long_decel,88,0.16859215948716144,0.1651397050960998
DB,game_top_speed,true,TERYL_AUSTIN_DRILL_2__peak_long_decel,81,0.13762420957542906,0.11856585866297471
DB,game_top_speed,true,TERYL_AUSTIN_DRILL_1__peak_long_decel,73,-0.01116870294952487,-0.03732744932964339
DB,game_top_speed,true,FORTY_YARD_DASH__time_to_peak_speed,75,-0.09027027027027025,-0.045628156614275855
DB,game_top_speed,true,BACK_PEDAL_AND_90_DEGREE_BREAK_TO_BALL__time_to_peak_speed,88,-0.1254975168187102,-0.12148254519177987
DB,game_top_speed,true,LINE_DRILL__time_to_peak_speed,86,0.20154724279447142,0.22989885250102812
DB,game_top_speed,true,BOX_DRILL__time_to_peak_speed,88,0.13682152794899793,0.17227408572356154
DB,game_top_speed,true,BACK_PEDAL_AND_TRANSITION_45_DEGREE_REACTION__time_to_peak_speed,88,-0.0007044485928639358,0.02245168776691289
DB,game_top_speed,true,GAUNTLET_DRILL__time_to_peak_speed,85,-0.06718780535470001,-0.10946966800807414
DB,game_top_speed,true,W_DRILL__time_to_peak_speed,88,-0.0043851924905780005,0.06031589037217935
DB,game_top_speed,true,TERYL_AUSTIN_DRILL_2__time_to_peak_speed,81,0.09338301716350496,0.07849265886349649
DB,game_top_speed,true,TERYL_AUSTIN_DRILL_1__time_to_peak_speed,73,0.05679995063556709,0.0890861326030129
DB,game_top_speed,true,FORTY_YARD_DASH__total_turn_deg,75,-0.04782361308677098,-0.05173840990399196
DB,game_top_speed,true,BACK_PEDAL_AND_90_DEGREE_BREAK_TO_BALL__total_turn_deg,88,-0.06782078827797543,-0.1447671157912829
DB,game_top_speed,true,LINE_DRILL__total_turn_deg,86,-0.009764611538280106,0.03413917776971502
DB,game_top_speed,true,BOX_DRILL__total_turn_deg,88,0.14589130358212113,0.13669066612981082
DB,game_top_speed,true,BACK_PEDAL_AND_TRANSITION_45_DEGREE_REACTION__total_turn_deg,88,0.0022718467119861936,0.009725475183314547
DB,game_top_speed,true,GAUNTLET_DRILL__total_turn_deg,85,0.11795974203634942,0.12574677016090682
DB,game_top_speed,true,W_DRILL__total_turn_deg,88,-0.08981719559015182,-0.12990757674065592
DB,game_top_speed,true,TERYL_AUSTIN_DRILL_2__total_turn_deg,81,0.1902664859981933,0.14387475212399486
DB,game_top_speed,true,TERYL_AUSTIN_DRILL_1__total_turn_deg,73,0.19511292114031842,0.2085138516108326
DB,game_top_speed,true,FORTY_YARD_DASH__peak_ang_vel,75,0.012119487908961593,-0.006207479890731686
DB,game_top_speed,true,BACK_PEDAL_AND_90_DEGREE_BREAK_TO_BALL__peak_ang_vel,88,0.006516149483991407,-0.035733462610752324
DB,game_top_speed,true,LINE_DRILL__peak_ang_vel,86,0.021878390490117455,0.050593494787271376
DB,game_top_speed,true,BOX_DRILL__peak_ang_vel,88,0.25673628966926143,0.29270599816641835
DB,game_top_speed,true,BACK_PEDAL_AND_TRANSITION_45_DEGREE_REACTION__peak_ang_vel,88,-0.0680849565002994,-0.059289860054116454
DB,game_top_speed,true,GAUNTLET_DRILL__peak_ang_vel,85,0.09802618721907368,0.0962739523116118
DB,game_top_speed,true,W_DRILL__peak_ang_vel,88,0.12769891867140998,0.0978615454756563
DB,game_top_speed,true,TERYL_AUSTIN_DRILL_2__peak_ang_vel,81,0.024480578139114726,-0.0005037094557117226
DB,game_top_speed,true,TERYL_AUSTIN_DRILL_1__peak_ang_vel,73,0.11363075404171294,0.1453853502926425
DB,game_top_speed,true,FORTY_YARD_DASH__speed_at_peak_turn,75,0.05229018492176387,0.05372274978464258
DB,game_top_speed,true,BACK_PEDAL_AND_90_DEGREE_BREAK_TO_BALL__speed_at_peak_turn,88,-0.05357331548730232,-0.05569332648460025
DB,game_top_speed,true,LINE_DRILL__speed_at_peak_turn,86,0.018746167272041134,0.02199762759303197
DB,game_top_speed,true,BOX_DRILL__speed_at_peak_turn,88,-0.2852312352506076,-0.3477860877137836
DB,game_top_speed,true,BACK_PEDAL_AND_TRANSITION_45_DEGREE_REACTION__speed_at_peak_turn,88,0.13680391673417636,0.13692584048427558
DB,game_top_speed,true,GAUNTLET_DRILL__speed_at_peak_turn,85,-0.038303693570451436,-0.022041056893880716
DB,game_top_speed,true,W_DRILL__speed_at_peak_turn,88,-0.024092141875946608,-0.001749903174102893
DB,game_top_speed,true,TERYL_AUSTIN_DRILL_2__speed_at_peak_turn,81,0.14966124661246613,0.13148571328201222
DB,game_top_speed,true,TERYL_AUSTIN_DRILL_1__speed_at_peak_turn,73,-0.07074540293718377,-0.07707103704745845
DB,game_top_speed,true,FORTY_YARD_DASH__split_2,75,-0.004182076813655761,0.04305875161838718
DB,game_top_speed,true,FORTY_YARD_DASH__split_5,75,-0.031721194879089615,0.014850105915063253
DB,game_top_speed,true,FORTY_YARD_DASH__split_10,75,-0.06896159317211949,-0.019131387575961976
DB,game_top_speed,true,FORTY_YARD_DASH__split_20,75,-0.11741109530583214,-0.0655952411351186
DB,game_top_speed,true,FORTY_YARD_DASH__split_40,75,-0.15379800853485062,-0.0963237732991202
DB,game_top_speed,true,FORTY_YARD_DASH__flying_10_speed,75,0.23834992887624465,0.18171239961393082
DB,mean_cushion,,combine_height,67,0.17567243993934076,0.19342464670551554
DB,mean_cushion,,combine_weight,67,0.37928007023705007,0.3565615568081598
DB,mean_cushion,,hand_size,67,0.000039907414797669414,0.03483367995603139
DB,mean_cushion,,arm_length,67,-0.01995370739883471,-0.011975427666933543
DB,mean_cushion,,wing_span,67,0.005826482560459735,0.025528773776635538
DB,mean_cushion,,ten_yd_split,57,0.07557687321752658,-0.00984668268233613
DB,mean_cushion,,forty,57,0.24688877365828368,0.16115929920125316
DB,mean_cushion,,vertical,55,-0.04668109668109669,0.0677423868242509
DB,mean_cushion,,broad_jump,51,-0.1641628959276018,0.06852026320833761
DB,mean_cushion,,bench_reps,27,-0.19719169719169719,-0.21694967616861519
DB,mean_cushion,,ngs_athleticism_score,67,-0.06504908612020115,0.011433464526079342
DB,mean_cushion,,FORTY_YARD_DASH__duration,56,0.322488038277512,0.30004043959657467
DB,mean_cushion,,BACK_PEDAL_AND_90_DEGREE_BREAK_TO_BALL__duration,67,-0.02298667092345758,-0.025005339536986325
DB,mean_cushion,,LINE_DRILL__duration,65,-0.11263111888111889,-0.151288176685691
DB,mean_cushion,,BOX_DRILL__duration,67,-0.06369223401708039,-0.09013219556723655
DB,mean_cushion,,BACK_PEDAL_AND_TRANSITION_45_DEGREE_REACTION__duration,67,0.004349908212945966,-0.03229231943489106
DB,mean_cushion,,GAUNTLET_DRILL__duration,66,-0.033169815259367505,-0.0678674212852651
DB,mean_cushion,,W_DRILL__duration,67,-0.03440019155559103,-0.06963818675083733
DB,mean_cushion,,TERYL_AUSTIN_DRILL_2__duration,64,-0.22399267399267397,-0.20291874500143328
DB,mean_cushion,,TERYL_AUSTIN_DRILL_1__duration,55,-0.0033189033189033198,-0.018313141339495756
DB,mean_cushion,,FORTY_YARD_DASH__distance,56,0.06404647983595352,0.09238003816748197
DB,mean_cushion,,BACK_PEDAL_AND_90_DEGREE_BREAK_TO_BALL__distance,67,0.04238167451512491,0.034297908364696074
DB,mean_cushion,,LINE_DRILL__distance,65,0.024475524475524476,0.0005706314301387744
DB,mean_cushion,,BOX_DRILL__distance,67,-0.07055630936227952,-0.08975979693877568
DB,mean_cushion,,BACK_PEDAL_AND_TRANSITION_45_DEGREE_REACTION__distance,67,-0.07051640194748185,-0.0972070578991419
DB,mean_cushion,,GAUNTLET_DRILL__distance,66,-0.23740736875065238,-0.25596282115311586
DB,mean_cushion,,W_DRILL__distance,67,-0.041982600367148216,-0.04168401243537634
DB,mean_cushion,,TERYL_AUSTIN_DRILL_2__distance,64,-0.25989010989010985,-0.22583427677567364
DB,mean_cushion,,TERYL_AUSTIN_DRILL_1__distance,55,-0.04812409812409813,-0.06463671599717055
DB,mean_cushion,,FORTY_YARD_DASH__peak_speed,56,-0.20498974709501028,-0.13749725037649466
DB,mean_cushion,,BACK_PEDAL_AND_90_DEGREE_BREAK_TO_BALL__peak_speed,67,0.155120121318541,0.16700576748617277
DB,mean_cushion,,LINE_DRILL__peak_speed,65,0.0895979020979021,0.08253887686415648
DB,mean_cushion,,BOX_DRILL__peak_speed,67,-0.08655918269614496,-0.04495978573999939
DB,mean_cushion,,BACK_PEDAL_AND_TRANSITION_45_DEGREE_REACTION__peak_speed,67,-0.08005427408412484,-0.04390787680480791
DB,mean_cushion,,GAUNTLET_DRILL__peak_speed,66,-0.06464878405176915,-0.02895160563017163
DB,mean_cushion,,W_DRILL__peak_speed,67,-0.17571234735413843,-0.1579202035746743
DB,mean_cushion,,TERYL_AUSTIN_DRILL_2__peak_speed,64,0.06726190476190476,0.08363351730860853
DB,mean_cushion,,TERYL_AUSTIN_DRILL_1__peak_speed,55,-0.05238095238095239,-0.03449944411928552
DB,mean_cushion,,FORTY_YARD_DASH__mean_speed,56,-0.2882433356117567,-0.2578573551260806
DB,mean_cushion,,BACK_PEDAL_AND_90_DEGREE_BREAK_TO_BALL__mean_speed,67,0.11118205762630698,0.11514265398103563
DB,mean_cushion,,LINE_DRILL__mean_speed,65,-0.03588286713286713,-0.0024825908409823157
DB,mean_cushion,,BOX_DRILL__mean_speed,67,-0.02306648575305292,-0.020587238154207745
DB,mean_cushion,,BACK_PEDAL_AND_TRANSITION_45_DEGREE_REACTION__mean_speed,67,-0.13704206241519676,-0.12697770230583674
DB,mean_cushion,,GAUNTLET_DRILL__mean_speed,66,-0.10038618098319593,-0.07082419052672459
DB,mean_cushion,,W_DRILL__mean_speed,67,-0.11082289089312797,-0.06730598597920347
DB,mean_cushion,,TERYL_AUSTIN_DRILL_2__mean_speed,64,-0.2037087912087912,-0.17426866790737378
DB,mean_cushion,,TERYL_AUSTIN_DRILL_1__mean_speed,55,-0.11818181818181821,-0.13332474077320494
DB,mean_cushion,,FORTY_YARD_DASH__peak_accel,56,-0.3012303485987697,-0.27811303946218285
DB,mean_cushion,,BACK_PEDAL_AND_90_DEGREE_BREAK_TO_BALL__peak_accel,67,-0.06241519674355497,-0.030708203030874393
DB,mean_cushion,,LINE_DRILL__peak_accel,65,-0.13002622377622378,-0.1121178311031277
DB,mean_cushion,,BOX_DRILL__peak_accel,67,0.15280549126027618,0.20545026261073526
DB,mean_cushion,,BACK_PEDAL_AND_TRANSITION_45_DEGREE_REACTION__peak_accel,67,-0.053316306169686335,-0.06401232559011358
DB,mean_cushion,,GAUNTLET_DRILL__peak_accel,66,-0.0802212712660474,-0.10426512997363961
DB,mean_cushion,,W_DRILL__peak_accel,67,0.03898954425732301,0.03731540132714203
DB,mean_cushion,,TERYL_AUSTIN_DRILL_2__peak_accel,64,0.1771062271062271,0.2212385212031828
DB,mean_cushion,,TERYL_AUSTIN_DRILL_1__peak_accel,55,0.0616883116883117,0.06337134267420294
DB,mean_cushion,,FORTY_YARD_DASH__peak_long_accel,56,-0.275393028024607,-0.25378178952644725
DB,mean_cushion,,BACK_PEDAL_AND_90_DEGREE_BREAK_TO_BALL__peak_long_accel,67,0.0881953867028494,0.09853070220383407
DB,mean_cushion,,LINE_DRILL__peak_long_accel,65,-0.14689685314685313,-0.13468670582736134
DB,mean_cushion,,BOX_DRILL__peak_long_accel,67,0.1402346555990103,0.18770695232445758
DB,mean_cushion,,BACK_PEDAL_AND_TRANSITION_45_DEGREE_REACTION__peak_long_accel,67,-0.10539548248064491,-0.13713531507197407
DB,mean_cushion,,GAUNTLET_DRILL__peak_long_accel,66,-0.10372612462164703,-0.0919703872641421
DB,mean_cushion,,W_DRILL__peak_long_accel,67,0.06381195626147339,0.08652812808712647
DB,mean_cushion,,TERYL_AUSTIN_DRILL_2__peak_long_accel,64,0.1811355311355311,0.22791599911115198
DB,mean_cushion,,TERYL_AUSTIN_DRILL_1__peak_long_accel,55,0.07611832611832613,0.12297446748696325
DB,mean_cushion,,FORTY_YARD_DASH__peak_long_decel,56,-0.22467532467532467,-0.2133301984185191
DB,mean_cushion,,BACK_PEDAL_AND_90_DEGREE_BREAK_TO_BALL__peak_long_decel,67,0.09330353579695108,0.09206749852541929
DB,mean_cushion,,LINE_DRILL__peak_long_decel,65,-0.15297202797202797,-0.1582715387941323
DB,mean_cushion,,BOX_DRILL__peak_long_decel,67,-0.13169446883230906,-0.13882616529807112
DB,mean_cushion,,BACK_PEDAL_AND_TRANSITION_45_DEGREE_REACTION__peak_long_decel,67,0.07670205124112062,0.04981538312517669
DB,mean_cushion,,GAUNTLET_DRILL__peak_long_decel,66,-0.046195595449326804,-0.08494612821368318
DB,mean_cushion,,W_DRILL__peak_long_decel,67,-0.08284779311996171,-0.07656993722009266
DB,mean_cushion,,TERYL_AUSTIN_DRILL_2__peak_long_decel,64,0.2668956043956044,0.29361257706888805
DB,mean_cushion,,TERYL_AUSTIN_DRILL_1__peak_long_decel,55,0.024819624819624825,0.06225366253649613
DB,mean_cushion,,FORTY_YARD_DASH__time_to_peak_speed,56,0.26035543403964456,0.23439365947361476
DB,mean_cushion,,BACK_PEDAL_AND_90_DEGREE_BREAK_TO_BALL__time_to_peak_speed,67,0.17902466278234497,0.17421565734205186
DB,mean_cushion,,LINE_DRILL__time_to_peak_speed,65,-0.11188811188811189,-0.11692897465389139
DB,mean_cushion,,BOX_DRILL__time_to_peak_speed,67,-0.012770372735254212,-0.03777286509902419
DB,mean_cushion,,BACK_PEDAL_AND_TRANSITION_45_DEGREE_REACTION__time_to_peak_speed,67,-0.11948279990422221,-0.1546745746624839
DB,mean_cushion,,GAUNTLET_DRILL__time_to_peak_speed,66,0.04527711094875274,0.07881778361490563
DB,mean_cushion,,W_DRILL__time_to_peak_speed,67,-0.06696464203048928,-0.1292326703315632
DB,mean_cushion,,TERYL_AUSTIN_DRILL_2__time_to_peak_speed,64,0.02628205128205128,0.032836101967677396
DB,mean_cushion,,TERYL_AUSTIN_DRILL_1__time_to_peak_speed,55,0.06594516594516595,0.051035581218872104
DB,mean_cushion,,FORTY_YARD_DASH__total_turn_deg,56,0.16390977443609026,0.19727314160234072
DB,mean_cushion,,BACK_PEDAL_AND_90_DEGREE_BREAK_TO_BALL__total_turn_deg,67,-0.055511213983558155,-0.014810651486008259
DB,mean_cushion,,LINE_DRILL__total_turn_deg,65,-0.06722027972027972,-0.09769077893124176
DB,mean_cushion,,BOX_DRILL__total_turn_deg,67,-0.018237688562534923,-0.007950330530440586
DB,mean_cushion,,BACK_PEDAL_AND_TRANSITION_45_DEGREE_REACTION__total_turn_deg,67,-0.09493973980365553,-0.10315369482123515
DB,mean_cushion,,GAUNTLET_DRILL__total_turn_deg,66,-0.04611209685836553,-0.08165679378980835
DB,mean_cushion,,W_DRILL__total_turn_deg,67,0.10866789049405381,0.1249360173494788
DB,mean_cushion,,TERYL_AUSTIN_DRILL_2__total_turn_deg,64,-0.1612179487179487,-0.1426818803591598
DB,mean_cushion,,TERYL_AUSTIN_DRILL_1__total_turn_deg,55,-0.12943722943722946,-0.11951409703983461
DB,mean_cushion,,FORTY_YARD_DASH__peak_ang_vel,56,0.08024606971975393,0.12626440955139065
DB,mean_cushion,,BACK_PEDAL_AND_90_DEGREE_BREAK_TO_BALL__peak_ang_vel,67,0.055511213983558155,0.10349847426764534
DB,mean_cushion,,LINE_DRILL__peak_ang_vel,65,0.04777097902097902,0.03194544078290689
DB,mean_cushion,,BOX_DRILL__peak_ang_vel,67,-0.09497964721845321,-0.09199638746626186
DB,mean_cushion,,BACK_PEDAL_AND_TRANSITION_45_DEGREE_REACTION__peak_ang_vel,67,0.01979407773964403,0.013737097337028928
DB,mean_cushion,,GAUNTLET_DRILL__peak_ang_vel,66,-0.03830497860348608,-0.07306010794863062
DB,mean_cushion,,W_DRILL__peak_ang_vel,67,0.05874371458216938,0.0844223390494839
DB,mean_cushion,,TERYL_AUSTIN_DRILL_2__peak_ang_vel,64,-0.30998168498168494,-0.30857206451083824
DB,mean_cushion,,TERYL_AUSTIN_DRILL_1__peak_ang_vel,55,-0.00894660894660895,-0.001832669901046544
DB,mean_cushion,,FORTY_YARD_DASH__speed_at_peak_turn,56,-0.049760765550239235,-0.06142127966121588
DB,mean_cushion,,BACK_PEDAL_AND_90_DEGREE_BREAK_TO_BALL__speed_at_peak_turn,67,-0.11122196504110464,-0.11743501707138065
DB,mean_cushion,,LINE_DRILL__speed_at_peak_turn,65,-0.051180069930069925,-0.08446761364167646
DB,mean_cushion,,BOX_DRILL__speed_at_peak_turn,67,0.08009418149892251,0.10595577966143338
DB,mean_cushion,,BACK_PEDAL_AND_TRANSITION_45_DEGREE_REACTION__speed_at_peak_turn,67,-0.07510575464921383,-0.08219547514712217
DB,mean_cushion,,GAUNTLET_DRILL__speed_at_peak_turn,66,-0.038513725080889266,-0.02687460336930541
DB,mean_cushion,,W_DRILL__speed_at_peak_turn,67,0.006584723441615452,-0.01416675280315644
DB,mean_cushion,,TERYL_AUSTIN_DRILL_2__speed_at_peak_turn,64,0.13749999999999998,0.1761825141412689
DB,mean_cushion,,TERYL_AUSTIN_DRILL_1__speed_at_peak_turn,55,-0.019769119769119773,-0.051759451404834754
DB,mean_cushion,,FORTY_YARD_DASH__split_2,56,0.20854408749145592,0.18667849160688896
DB,mean_cushion,,FORTY_YARD_DASH__split_5,56,0.22843472317156527,0.2122096625138321
DB,mean_cushion,,FORTY_YARD_DASH__split_10,56,0.2600136705399863,0.23734090872105326
DB,mean_cushion,,FORTY_YARD_DASH__split_20,56,0.3358168147641832,0.30657367738770935
DB,mean_cushion,,FORTY_YARD_DASH__split_40,56,0.3481886534518113,0.310043481668666
DB,mean_cushion,,FORTY_YARD_DASH__flying_10_speed,56,-0.20485304169514695,-0.13525993527561309
OL,starts_per_season,true,combine_height,121,0.05460642189405228,0.04057118846514673
OL,starts_per_season,true,combine_weight,121,0.33448042270695016,0.18715582103885442
OL,starts_per_season,true,hand_size,121,0.17981303346430016,0.1290663230903067
OL,starts_per_season,true,arm_length,121,0.05661834439777807,-0.09077541293540338
OL,starts_per_season,true,wing_span,121,0.12895271643408748,0.05861295557884235
OL,starts_per_season,true,ten_yd_split,96,-0.17285675529028757,-0.05382737538922565
OL,starts_per_season,true,forty,95,-0.2650195968645017,-0.037768447105792705
OL,starts_per_season,true,vertical,100,0.1329132913291329,-0.05372469215536477
OL,starts_per_season,true,broad_jump,98,0.1906738327945986,0.07762522015536806
OL,starts_per_season,true,three_cone,61,-0.15282919090428343,0.035523832534419854
OL,starts_per_season,true,short_shuttle,64,-0.2973901098901099,-0.23158739973827594
OL,starts_per_season,true,bench_reps,53,0.21294952427027897,-0.03351133469987752
OL,starts_per_season,true,ngs_athleticism_score,121,0.3205527706272862,0.08026874700103298
OL,starts_per_season,true,OL_PULL_DRILL_LONG_PULL_RIGHT__duration,93,-0.11408194324251736,-0.04489871402495823
OL,starts_per_season,true,FORTY_YARD_DASH__duration,95,-0.31990481522956327,-0.018980298440382525
OL,starts_per_season,true,THREE_CONE_DRILL__duration,48,-0.2605297438124186,-0.2275144293268014
OL,starts_per_season,true,OL_PULL_DRILL_DEEP_SHORT_PULL_LEFT__duration,98,-0.012566226115563375,0.06427700078115149
OL,starts_per_season,true,PASS_RUSH_DROP__duration,120,-0.11353566219876378,-0.07481326556371828
OL,starts_per_season,true,OL_PULL_DRILL_FOLD_BLOCK_RIGHT__duration,119,-0.06013388406209943,0.08368555448619332
OL,starts_per_season,true,FIVE_YARD_WAVE_DRILL_SLIDE_AND_SHUFFLE__duration,120,0.005576776165011459,-0.09299526984097448
OL,starts_per_season,true,SHORT_SHUTTLE__duration,54,-0.05058128454354868,-0.09741529617495544
OL,starts_per_season,true,PASS_PRO_MIRROR_DRILL__duration,121,0.01931310120579867,-0.04765076185253996
OL,starts_per_season,true,SCREEN_DRILL__duration,119,0.1013317191283293,-0.06179084839062302
OL,starts_per_season,true,OL_PULL_DRILL_LONG_PULL_RIGHT__distance,93,-0.0045656650055205745,-0.02746113896346801
OL,starts_per_season,true,FORTY_YARD_DASH__distance,95,-0.17632978723404255,-0.010391929277484361
OL,starts_per_season,true,THREE_CONE_DRILL__distance,48,-0.3993703864524533,-0.22507340191061614
OL,starts_per_season,true,OL_PULL_DRILL_DEEP_SHORT_PULL_LEFT__distance,98,-0.13358708056793475,0.021631198502746345
OL,starts_per_season,true,PASS_RUSH_DROP__distance,120,0.014869088131120216,0.04429095474964632
OL,starts_per_season,true,OL_PULL_DRILL_FOLD_BLOCK_RIGHT__distance,119,0.03827090158097137,0.13200256220843926
OL,starts_per_season,true,FIVE_YARD_WAVE_DRILL_SLIDE_AND_SHUFFLE__distance,120,0.050454892700882006,-0.10438043617166934
OL,starts_per_season,true,SHORT_SHUTTLE__distance,54,-0.12803506765770917,-0.09755238598209769
OL,starts_per_season,true,PASS_PRO_MIRROR_DRILL__distance,121,0.16401571602763848,0.13518365269076166
OL,starts_per_season,true,SCREEN_DRILL__distance,119,0.028685372454066375,-0.09927819840611375
OL,starts_per_season,true,OL_PULL_DRILL_LONG_PULL_RIGHT__peak_speed,93,0.12721196025185758,-0.08286555928793192
OL,starts_per_season,true,FORTY_YARD_DASH__peak_speed,95,0.2678471444568869,0.04439833389315812
OL,starts_per_season,true,THREE_CONE_DRILL__peak_speed,48,0.07707338254450716,0.07866226781025519
OL,starts_per_season,true,OL_PULL_DRILL_DEEP_SHORT_PULL_LEFT__peak_speed,98,0.048728394825596585,0.026495845906535403
OL,starts_per_season,true,PASS_RUSH_DROP__peak_speed,120,0.13320369470102086,0.17684343010802792
OL,starts_per_season,true,OL_PULL_DRILL_FOLD_BLOCK_RIGHT__peak_speed,119,0.22578692493946736,0.12136987675398328
OL,starts_per_season,true,FIVE_YARD_WAVE_DRILL_SLIDE_AND_SHUFFLE__peak_speed,120,0.13691923050211818,0.10283700347449405
OL,starts_per_season,true,SHORT_SHUTTLE__peak_speed,54,0.22782542405183911,0.24596789603475747
OL,starts_per_season,true,PASS_PRO_MIRROR_DRILL__peak_speed,121,0.10886736214605065,0.23189164193714623
OL,starts_per_season,true,SCREEN_DRILL__peak_speed,119,0.019441674975074777,0.05123985108437641
OL,starts_per_season,true,OL_PULL_DRILL_LONG_PULL_RIGHT__mean_speed,93,0.10489093133597922,0.03316596461275617
OL,starts_per_season,true,FORTY_YARD_DASH__mean_speed,95,0.28423852183650616,-0.00889052938558423
OL,starts_per_season,true,THREE_CONE_DRILL__mean_speed,48,-0.1717325227963526,-0.08180055697846023
OL,starts_per_season,true,OL_PULL_DRILL_DEEP_SHORT_PULL_LEFT__mean_speed,98,-0.07593927917933807,-0.049391890013803966
OL,starts_per_season,true,PASS_RUSH_DROP__mean_speed,120,0.23309952080005553,0.1550494246465502
OL,starts_per_season,true,OL_PULL_DRILL_FOLD_BLOCK_RIGHT__mean_speed,119,0.13248112804443812,0.0028328764926676972
OL,starts_per_season,true,FIVE_YARD_WAVE_DRILL_SLIDE_AND_SHUFFLE__mean_speed,120,-0.001083408570039586,-0.13213810045877766
OL,starts_per_season,true,SHORT_SHUTTLE__mean_speed,54,-0.06735277301315037,-0.015129697718439557
OL,starts_per_season,true,PASS_PRO_MIRROR_DRILL__mean_speed,121,0.12455629318520522,0.20262804191420405
OL,starts_per_season,true,SCREEN_DRILL__mean_speed,119,-0.0756017661301809,-0.0400913823140647
OL,starts_per_season,true,OL_PULL_DRILL_LONG_PULL_RIGHT__peak_accel,93,0.043015726179463455,-0.013874499491504617
OL,starts_per_season,true,FORTY_YARD_DASH__peak_accel,95,0.10865061590145576,-0.0640086406963448
OL,starts_per_season,true,THREE_CONE_DRILL__peak_accel,48,-0.12266608771168042,-0.06309228303559797
OL,starts_per_season,true,OL_PULL_DRILL_DEEP_SHORT_PULL_LEFT__peak_accel,98,-0.15659009620718012,-0.22748015150655154
OL,starts_per_season,true,PASS_RUSH_DROP__peak_accel,120,0.08185290645183692,0.05274612863131981
OL,starts_per_season,true,OL_PULL_DRILL_FOLD_BLOCK_RIGHT__peak_accel,119,0.021471300384560604,0.20966873772656663
OL,starts_per_season,true,FIVE_YARD_WAVE_DRILL_SLIDE_AND_SHUFFLE__peak_accel,120,-0.006910202097367872,-0.1591589978658963
OL,starts_per_season,true,SHORT_SHUTTLE__peak_accel,54,-0.0418143701162569,0.03345626380912192
OL,starts_per_season,true,PASS_PRO_MIRROR_DRILL__peak_accel,121,0.19746646795827116,0.16673711433432722
OL,starts_per_season,true,SCREEN_DRILL__peak_accel,119,-0.08739495798319329,-0.12447577510011755
OL,starts_per_season,true,OL_PULL_DRILL_LONG_PULL_RIGHT__peak_long_accel,93,0.07633314434066424,0.05415477312646024
OL,starts_per_season,true,FORTY_YARD_DASH__peak_long_accel,95,0.1590565509518477,-0.012140801519977387
OL,starts_per_season,true,THREE_CONE_DRILL__peak_long_accel,48,-0.1622883195831524,-0.09878659087872896
OL,starts_per_season,true,OL_PULL_DRILL_DEEP_SHORT_PULL_LEFT__peak_long_accel,98,-0.030213772481813714,-0.07501288829886149
OL,starts_per_season,true,PASS_RUSH_DROP__peak_long_accel,120,0.09074935759427737,0.1435345361851303
OL,starts_per_season,true,OL_PULL_DRILL_FOLD_BLOCK_RIGHT__peak_long_accel,119,0.07334425295541946,0.03314475451906885
OL,starts_per_season,true,FIVE_YARD_WAVE_DRILL_SLIDE_AND_SHUFFLE__peak_long_accel,120,0.029745121188971452,-0.12535662408182863
OL,starts_per_season,true,SHORT_SHUTTLE__peak_long_accel,54,0.07268915570802362,0.14372233644683444
OL,starts_per_season,true,PASS_PRO_MIRROR_DRILL__peak_long_accel,121,0.18023303075464023,0.1874414993387763
OL,starts_per_season,true,SCREEN_DRILL__peak_long_accel,119,-0.05794046432132176,-0.1846399098016481
OL,starts_per_season,true,OL_PULL_DRILL_LONG_PULL_RIGHT__peak_long_decel,93,0.21528751753155678,0.18575110635497383
OL,starts_per_season,true,FORTY_YARD_DASH__peak_long_decel,95,0.10606103023516238,0.1610582445292342
OL,starts_per_season,true,THREE_CONE_DRILL__peak_long_decel,48,-0.18747286148501954,-0.01896108085391046
OL,starts_per_season,true,OL_PULL_DRILL_DEEP_SHORT_PULL_LEFT__peak_long_decel,98,0.1402686660418619,0.001764760046110437
OL,starts_per_season,true,PASS_RUSH_DROP__peak_long_decel,120,-0.10429196471977219,-0.015153574608250522
OL,starts_per_season,true,OL_PULL_DRILL_FOLD_BLOCK_RIGHT__peak_long_decel,119,0.12295969235151688,0.09342672676594173
OL,starts_per_season,true,FIVE_YARD_WAVE_DRILL_SLIDE_AND_SHUFFLE__peak_long_decel,120,-0.04437113688450586,-0.18805193972287315
OL,starts_per_season,true,SHORT_SHUTTLE__peak_long_decel,54,-0.09251000571755287,-0.007685318357815122
OL,starts_per_season,true,PASS_PRO_MIRROR_DRILL__peak_long_decel,121,0.21556699634195903,0.16058744884923576
OL,starts_per_season,true,SCREEN_DRILL__peak_long_decel,119,-0.01412191995442245,-0.1413442398893408
OL,starts_per_season,true,OL_PULL_DRILL_LONG_PULL_RIGHT__time_to_peak_speed,93,-0.03149712034854227,0.027194662281215542
OL,starts_per_season,true,FORTY_YARD_DASH__time_to_peak_speed,95,-0.2492441209406495,-0.14719125579345116
OL,starts_per_season,true,THREE_CONE_DRILL__time_to_peak_speed,48,-0.4242292661745549,-0.25886595650141064
OL,starts_per_season,true,OL_PULL_DRILL_DEEP_SHORT_PULL_LEFT__time_to_peak_speed,98,-0.059987631416202836,-0.003148790661054271
OL,starts_per_season,true,PASS_RUSH_DROP__time_to_peak_speed,120,-0.1211264671157719,-0.07123184170852963
OL,starts_per_season,true,OL_PULL_DRILL_FOLD_BLOCK_RIGHT__time_to_peak_speed,119,-0.04141147984617577,0.08606436364741119
OL,starts_per_season,true,FIVE_YARD_WAVE_DRILL_SLIDE_AND_SHUFFLE__time_to_peak_speed,120,0.025244808667268553,-0.08309845636130508
OL,starts_per_season,true,SHORT_SHUTTLE__time_to_peak_speed,54,0.10768057937869256,0.10680705967672881
OL,starts_per_season,true,PASS_PRO_MIRROR_DRILL__time_to_peak_speed,121,0.01818859233166237,-0.04849637016620849
OL,starts_per_season,true,SCREEN_DRILL__time_to_peak_speed,119,0.12638513032331578,-0.023513408330979733
OL,starts_per_season,true,OL_PULL_DRILL_LONG_PULL_RIGHT__total_turn_deg,93,-0.05545940139058816,0.10374650168243496
OL,starts_per_season,true,FORTY_YARD_DASH__total_turn_deg,95,-0.07589585666293393,0.026114437273841988
OL,starts_per_season,true,THREE_CONE_DRILL__total_turn_deg,48,0.05340859748154581,-0.22346720438954498
OL,starts_per_season,true,OL_PULL_DRILL_DEEP_SHORT_PULL_LEFT__total_turn_deg,98,0.06868389342616145,0.004817923973753569
OL,starts_per_season,true,PASS_RUSH_DROP__total_turn_deg,120,0.09946524064171122,-0.06615533609529631
OL,starts_per_season,true,OL_PULL_DRILL_FOLD_BLOCK_RIGHT__total_turn_deg,119,0.009457342258937474,0.13785648870728603
OL,starts_per_season,true,FIVE_YARD_WAVE_DRILL_SLIDE_AND_SHUFFLE__total_turn_deg,120,-0.015945551774428777,-0.05593085771210338
OL,starts_per_season,true,SHORT_SHUTTLE__total_turn_deg,54,0.13596340766152087,0.09572677010991622
OL,starts_per_season,true,PASS_PRO_MIRROR_DRILL__total_turn_deg,121,0.06845278417558594,-0.14429220546117713
OL,starts_per_season,true,SCREEN_DRILL__total_turn_deg,119,0.19930921521150835,0.1931729557983872
OL,starts_per_season,true,OL_PULL_DRILL_LONG_PULL_RIGHT__peak_ang_vel,93,0.09841544567455461,0.019816167838286512
OL,starts_per_season,true,FORTY_YARD_DASH__peak_ang_vel,95,-0.041517357222844345,-0.04121457066946941
OL,starts_per_season,true,THREE_CONE_DRILL__peak_ang_vel,47,0.15888066604995374,-0.10538101568114865
OL,starts_per_season,true,OL_PULL_DRILL_DEEP_SHORT_PULL_LEFT__peak_ang_vel,98,0.1705270674342839,0.03574608368252007
OL,starts_per_season,true,PASS_RUSH_DROP__peak_ang_vel,120,0.029397874852420302,-0.0041093718799822595
OL,starts_per_season,true,OL_PULL_DRILL_FOLD_BLOCK_RIGHT__peak_ang_vel,119,-0.03874804158951717,0.1993451836075369
OL,starts_per_season,true,FIVE_YARD_WAVE_DRILL_SLIDE_AND_SHUFFLE__peak_ang_vel,120,0.005125355927494964,0.08351492346608863
OL,starts_per_season,true,SHORT_SHUTTLE__peak_ang_vel,53,0.10845024995968391,0.07592453435520544
OL,starts_per_season,true,PASS_PRO_MIRROR_DRILL__peak_ang_vel,121,-0.008792846497764528,-0.2160102710414765
OL,starts_per_season,true,SCREEN_DRILL__peak_ang_vel,119,0.13554336989032903,0.19835193982095992
OL,starts_per_season,true,OL_PULL_DRILL_LONG_PULL_RIGHT__speed_at_peak_turn,93,-0.07827280594431678,-0.05950699840671533
OL,starts_per_season,true,FORTY_YARD_DASH__speed_at_peak_turn,95,-0.02893337066069429,0.05035724177063212
OL,starts_per_season,true,THREE_CONE_DRILL__speed_at_peak_turn,47,-0.26387604070305276,-0.2414217225287716
OL,starts_per_season,true,OL_PULL_DRILL_DEEP_SHORT_PULL_LEFT__speed_at_peak_turn,98,-0.004405511032904257,0.062467571969108716
OL,starts_per_season,true,PASS_RUSH_DROP__speed_at_peak_turn,120,0.12105701784846168,0.07499002467315045
OL,starts_per_season,true,OL_PULL_DRILL_FOLD_BLOCK_RIGHT__speed_at_peak_turn,119,0.08907563025210084,-0.07500771602975716
OL,starts_per_season,true,FIVE_YARD_WAVE_DRILL_SLIDE_AND_SHUFFLE__speed_at_peak_turn,120,0.03561358427668588,-0.024899092123042373
OL,starts_per_season,true,SHORT_SHUTTLE__speed_at_peak_turn,53,0.08248669569424286,0.05281074027638561
OL,starts_per_season,true,PASS_PRO_MIRROR_DRILL__speed_at_peak_turn,121,-0.033674298875491115,0.011919415288412498
OL,starts_per_season,true,SCREEN_DRILL__speed_at_peak_turn,119,-0.2018088591368751,-0.2548025937282901
OL,starts_per_season,true,FORTY_YARD_DASH__split_2,95,-0.10205767077267637,0.06336592731616414
OL,starts_per_season,true,FORTY_YARD_DASH__split_5,95,-0.1306690929451288,0.04956269555164927
OL,starts_per_season,true,FORTY_YARD_DASH__split_10,95,-0.16180011198208288,0.04277134129668594
OL,starts_per_season,true,FORTY_YARD_DASH__split_20,95,-0.22067469204927212,0.019140136368151244
OL,starts_per_season,true,FORTY_YARD_DASH__split_40,95,-0.2837625979843225,-0.015082192965444398
OL,starts_per_season,true,FORTY_YARD_DASH__flying_10_speed,95,0.25296752519596866,0.016063147207731932
OL,pressure_allowed_rate,false,combine_height,64,0.11369047619047618,0.1375536678940197
OL,pressure_allowed_rate,false,combine_weight,64,0.04203296703296703,0.07648548741332968
OL,pressure_allowed_rate,false,hand_size,64,0.19317765567765566,0.18089670291991672
OL,pressure_allowed_rate,false,arm_length,64,0.42422161172161166,0.45545099015667234
OL,pressure_allowed_rate,false,wing_span,64,0.42390109890109884,0.4582954137905225
OL,pressure_allowed_rate,false,ten_yd_split,51,-0.0019004524886877825,-0.012833371153129536
OL,pressure_allowed_rate,false,forty,51,-0.07312217194570135,-0.10102227268412055
OL,pressure_allowed_rate,false,vertical,55,-0.07243867243867246,-0.06253514649881362
OL,pressure_allowed_rate,false,broad_jump,57,0.1388384754990926,0.14429929499454366
OL,pressure_allowed_rate,false,three_cone,30,0.12569521690767518,0.12771406378542607
OL,pressure_allowed_rate,false,short_shuttle,34,0.057601222307104655,0.11120669119544963
OL,pressure_allowed_rate,false,bench_reps,31,0.05,0.08285696045098774
OL,pressure_allowed_rate,false,ngs_athleticism_score,64,-0.12083333333333332,-0.10306940907869659
OL,pressure_allowed_rate,false,OL_PULL_DRILL_LONG_PULL_RIGHT__duration,52,0.015111414667463503,0.01991948479819322
OL,pressure_allowed_rate,false,FORTY_YARD_DASH__duration,51,0.0695022624434389,0.05050864617839023
OL,pressure_allowed_rate,false,THREE_CONE_DRILL__duration,26,0.26427350427350427,0.25818702705453883
OL,pressure_allowed_rate,false,OL_PULL_DRILL_DEEP_SHORT_PULL_LEFT__duration,55,0.16558441558441564,0.15880364045583695
OL,pressure_allowed_rate,false,PASS_RUSH_DROP__duration,63,-0.08189324116743472,-0.11182227890098764
OL,pressure_allowed_rate,false,OL_PULL_DRILL_FOLD_BLOCK_RIGHT__duration,63,0.03197004608294931,0.016398271834835474
OL,pressure_allowed_rate,false,FIVE_YARD_WAVE_DRILL_SLIDE_AND_SHUFFLE__duration,64,0.18589743589743588,0.1675953401680873
OL,pressure_allowed_rate,false,SHORT_SHUTTLE__duration,30,0.160845383759733,0.23123509356570607
OL,pressure_allowed_rate,false,PASS_PRO_MIRROR_DRILL__duration,64,-0.17999084249084246,-0.20734027282252998
OL,pressure_allowed_rate,false,SCREEN_DRILL__duration,62,0.045856311853138924,0.04495635458325086
OL,pressure_allowed_rate,false,OL_PULL_DRILL_LONG_PULL_RIGHT__distance,52,0.16921369418594723,0.1896386135769935
OL,pressure_allowed_rate,false,FORTY_YARD_DASH__distance,51,0.13104072398190045,0.1190273035253251
OL,pressure_allowed_rate,false,THREE_CONE_DRILL__distance,26,0.0017094017094017092,0.01707162125461815
OL,pressure_allowed_rate,false,OL_PULL_DRILL_DEEP_SHORT_PULL_LEFT__distance,55,0.21240981240981247,0.21791490145499678
OL,pressure_allowed_rate,false,PASS_RUSH_DROP__distance,63,-0.004800307219662059,-0.018998771222457793
OL,pressure_allowed_rate,false,OL_PULL_DRILL_FOLD_BLOCK_RIGHT__distance,63,0.0426747311827957,0.03650576502741764
OL,pressure_allowed_rate,false,FIVE_YARD_WAVE_DRILL_SLIDE_AND_SHUFFLE__distance,64,0.00792124542124542,-0.008824831292358724
OL,pressure_allowed_rate,false,SHORT_SHUTTLE__distance,30,0.2582869855394883,0.29392499462301336
OL,pressure_allowed_rate,false,PASS_PRO_MIRROR_DRILL__distance,64,-0.03891941391941392,-0.06327958645649749
OL,pressure_allowed_rate,false,SCREEN_DRILL__distance,62,-0.13207927274558687,-0.14215227304469927
OL,pressure_allowed_rate,false,OL_PULL_DRILL_LONG_PULL_RIGHT__peak_speed,52,0.2422948860240758,0.2602191057875455
OL,pressure_allowed_rate,false,FORTY_YARD_DASH__peak_speed,51,0.09384615384615386,0.11960346355597151
OL,pressure_allowed_rate,false,THREE_CONE_DRILL__peak_speed,26,-0.08102564102564101,-0.08812748487518297
OL,pressure_allowed_rate,false,OL_PULL_DRILL_DEEP_SHORT_PULL_LEFT__peak_speed,55,0.044516594516594524,0.06107149598199947
OL,pressure_allowed_rate,false,PASS_RUSH_DROP__peak_speed,63,-0.04584293394777266,-0.05288071245287609
OL,pressure_allowed_rate,false,OL_PULL_DRILL_FOLD_BLOCK_RIGHT__peak_speed,63,-0.12293586789554531,-0.11699098851923263
OL,pressure_allowed_rate,false,FIVE_YARD_WAVE_DRILL_SLIDE_AND_SHUFFLE__peak_speed,64,-0.1417124542124542,-0.13321153665250715
OL,pressure_allowed_rate,false,SHORT_SHUTTLE__peak_speed,30,0.23737486095661847,0.24170618444589015
OL,pressure_allowed_rate,false,PASS_PRO_MIRROR_DRILL__peak_speed,64,0.005036630036630036,-0.0012369879752351784
OL,pressure_allowed_rate,false,SCREEN_DRILL__peak_speed,62,-0.02550930472665005,-0.010952021063753205
OL,pressure_allowed_rate,false,OL_PULL_DRILL_LONG_PULL_RIGHT__mean_speed,52,0.2903611371979852,0.31495161226177065
OL,pressure_allowed_rate,false,FORTY_YARD_DASH__mean_speed,51,-0.02823529411764706,-0.007827170805995817
OL,pressure_allowed_rate,false,THREE_CONE_DRILL__mean_speed,26,0.027692307692307693,0.03204279448354501
OL,pressure_allowed_rate,false,OL_PULL_DRILL_DEEP_SHORT_PULL_LEFT__mean_speed,55,0.1367965367965368,0.14955369388524078
OL,pressure_allowed_rate,false,PASS_RUSH_DROP__mean_speed,63,-0.018097158218125957,0.011306933269537963
OL,pressure_allowed_rate,false,OL_PULL_DRILL_FOLD_BLOCK_RIGHT__mean_speed,63,0.045170890937019974,0.040428211327524645
OL,pressure_allowed_rate,false,FIVE_YARD_WAVE_DRILL_SLIDE_AND_SHUFFLE__mean_speed,64,-0.20352564102564102,-0.2003554917261244
OL,pressure_allowed_rate,false,SHORT_SHUTTLE__mean_speed,30,0.061179087875417135,0.0532541166137578
OL,pressure_allowed_rate,false,PASS_PRO_MIRROR_DRILL__mean_speed,64,0.0521062271062271,0.03903708733234207
OL,pressure_allowed_rate,false,SCREEN_DRILL__mean_speed,62,-0.25421167938354616,-0.2659107707623722
OL,pressure_allowed_rate,false,OL_PULL_DRILL_LONG_PULL_RIGHT__peak_accel,52,0.25544267053701014,0.2710293497436455
OL,pressure_allowed_rate,false,FORTY_YARD_DASH__peak_accel,51,0.037918552036199094,0.041105065964459446
OL,pressure_allowed_rate,false,THREE_CONE_DRILL__peak_accel,26,-0.04752136752136752,-0.04978828960245245
OL,pressure_allowed_rate,false,OL_PULL_DRILL_DEEP_SHORT_PULL_LEFT__peak_accel,55,0.0712842712842713,0.07003440564525959
OL,pressure_allowed_rate,false,PASS_RUSH_DROP__peak_accel,63,0.1018625192012289,0.13859309056415245
OL,pressure_allowed_rate,false,OL_PULL_DRILL_FOLD_BLOCK_RIGHT__peak_accel,63,-0.07795698924731183,-0.1098740284584757
OL,pressure_allowed_rate,false,FIVE_YARD_WAVE_DRILL_SLIDE_AND_SHUFFLE__peak_accel,64,-0.290018315018315,-0.29493470824992496
OL,pressure_allowed_rate,false,SHORT_SHUTTLE__peak_accel,30,-0.13592880978865407,-0.1690348221300643
OL,pressure_allowed_rate,false,PASS_PRO_MIRROR_DRILL__peak_accel,64,-0.05077838827838827,-0.0648132303419384
OL,pressure_allowed_rate,false,SCREEN_DRILL__peak_accel,62,0.012011785147692074,-0.022981909024237492
OL,pressure_allowed_rate,false,OL_PULL_DRILL_LONG_PULL_RIGHT__peak_long_accel,52,0.24630752155724409,0.25281606834875253
OL,pressure_allowed_rate,false,FORTY_YARD_DASH__peak_long_accel,51,0.06687782805429864,0.0731874264365723
OL,pressure_allowed_rate,false,THREE_CONE_DRILL__peak_long_accel,26,0.23897435897435895,0.2368286569782567
OL,pressure_allowed_rate,false,OL_PULL_DRILL_DEEP_SHORT_PULL_LEFT__peak_long_accel,55,0.1018759018759019,0.10101352372454306
OL,pressure_allowed_rate,false,PASS_RUSH_DROP__peak_long_accel,63,0.21111751152073735,0.225645054919063
OL,pressure_allowed_rate,false,OL_PULL_DRILL_FOLD_BLOCK_RIGHT__peak_long_accel,63,-0.24121543778801846,-0.24297894644974402
OL,pressure_allowed_rate,false,FIVE_YARD_WAVE_DRILL_SLIDE_AND_SHUFFLE__peak_long_accel,64,-0.3883241758241758,-0.3924945461909574
OL,pressure_allowed_rate,false,SHORT_SHUTTLE__peak_long_accel,30,0.08164627363737487,0.06707172583589922
OL,pressure_allowed_rate,false,PASS_PRO_MIRROR_DRILL__peak_long_accel,64,0.061217948717948716,0.04968522347438185
OL,pressure_allowed_rate,false,SCREEN_DRILL__peak_long_accel,62,-0.004406839414771726,-0.041703918217792485
OL,pressure_allowed_rate,false,OL_PULL_DRILL_LONG_PULL_RIGHT__peak_long_decel,52,0.04934687953555879,0.04675064204876097
OL,pressure_allowed_rate,false,FORTY_YARD_DASH__peak_long_decel,51,-0.13963800904977372,-0.14378939110454317
OL,pressure_allowed_rate,false,THREE_CONE_DRILL__peak_long_decel,26,0.18085470085470085,0.19646879299969122
OL,pressure_allowed_rate,false,OL_PULL_DRILL_DEEP_SHORT_PULL_LEFT__peak_long_decel,55,0.027128427128427134,0.05161771350705613
OL,pressure_allowed_rate,false,PASS_RUSH_DROP__peak_long_decel,63,0.269105222734255,0.2826794333770763
OL,pressure_allowed_rate,false,OL_PULL_DRILL_FOLD_BLOCK_RIGHT__peak_long_decel,63,-0.1758352534562212,-0.1650279124741138
OL,pressure_allowed_rate,false,FIVE_YARD_WAVE_DRILL_SLIDE_AND_SHUFFLE__peak_long_decel,64,-0.2929487179487179,-0.3011460033563879
OL,pressure_allowed_rate,false,SHORT_SHUTTLE__peak_long_decel,30,-0.2182424916573971,-0.2382048837659496
OL,pressure_allowed_rate,false,PASS_PRO_MIRROR_DRILL__peak_long_decel,64,0.03008241758241758,0.004353956991391375
OL,pressure_allowed_rate,false,SCREEN_DRILL__peak_long_decel,62,-0.04026592128125708,-0.06381455671670835
OL,pressure_allowed_rate,false,OL_PULL_DRILL_LONG_PULL_RIGHT__time_to_peak_speed,52,-0.04260223683087167,-0.04505877726052369
OL,pressure_allowed_rate,false,FORTY_YARD_DASH__time_to_peak_speed,51,-0.004162895927601809,-0.013119307252012196
OL,pressure_allowed_rate,false,THREE_CONE_DRILL__time_to_peak_speed,26,0.1323076923076923,0.14167703400583784
OL,pressure_allowed_rate,false,OL_PULL_DRILL_DEEP_SHORT_PULL_LEFT__time_to_peak_speed,55,0.09992784992784993,0.0967065674101246
OL,pressure_allowed_rate,false,PASS_RUSH_DROP__time_to_peak_speed,63,-0.06979646697388632,-0.10329962847744513
OL,pressure_allowed_rate,false,OL_PULL_DRILL_FOLD_BLOCK_RIGHT__time_to_peak_speed,63,-0.020113287250384027,-0.03863552201441639
OL,pressure_allowed_rate,false,FIVE_YARD_WAVE_DRILL_SLIDE_AND_SHUFFLE__time_to_peak_speed,64,0.17902930402930403,0.1612390236735929
OL,pressure_allowed_rate,false,SHORT_SHUTTLE__time_to_peak_speed,30,0.027808676307007785,0.07122707644997026
OL,pressure_allowed_rate,false,PASS_PRO_MIRROR_DRILL__time_to_peak_speed,64,-0.16804029304029303,-0.1943852459038452
OL,pressure_allowed_rate,false,SCREEN_DRILL__time_to_peak_speed,62,-0.05205106897333232,-0.03121580657212727
OL,pressure_allowed_rate,false,OL_PULL_DRILL_LONG_PULL_RIGHT__total_turn_deg,52,0.07461794587210792,0.06199346706716913
OL,pressure_allowed_rate,false,FORTY_YARD_DASH__total_turn_deg,51,0.023891402714932126,0.014407092416171007
OL,pressure_allowed_rate,false,THREE_CONE_DRILL__total_turn_deg,26,-0.21504273504273502,-0.24787207326837077
OL,pressure_allowed_rate,false,OL_PULL_DRILL_DEEP_SHORT_PULL_LEFT__total_turn_deg,55,0.026551226551226558,0.00403490564787678
OL,pressure_allowed_rate,false,PASS_RUSH_DROP__total_turn_deg,63,0.010704685099846392,0.026915481578104025
OL,pressure_allowed_rate,false,OL_PULL_DRILL_FOLD_BLOCK_RIGHT__total_turn_deg,63,0.0073444700460829505,-0.017738866876201187
OL,pressure_allowed_rate,false,FIVE_YARD_WAVE_DRILL_SLIDE_AND_SHUFFLE__total_turn_deg,64,0.18782051282051282,0.17374459211154544
OL,pressure_allowed_rate,false,SHORT_SHUTTLE__total_turn_deg,30,0.010011123470522802,0.025362310869262987
OL,pressure_allowed_rate,false,PASS_PRO_MIRROR_DRILL__total_turn_deg,64,0.043498168498168496,0.03912417757004166
OL,pressure_allowed_rate,false,SCREEN_DRILL__total_turn_deg,62,-0.06549822467326433,-0.05666775645717839
OL,pressure_allowed_rate,false,OL_PULL_DRILL_LONG_PULL_RIGHT__peak_ang_vel,52,0.19841202083155468,0.2042226146765652
OL,pressure_allowed_rate,false,FORTY_YARD_DASH__peak_ang_vel,51,-0.007963800904977376,-0.005148401946216519
OL,pressure_allowed_rate,false,THREE_CONE_DRILL__peak_ang_vel,25,-0.3246153846153846,-0.34603898115208476
OL,pressure_allowed_rate,false,OL_PULL_DRILL_DEEP_SHORT_PULL_LEFT__peak_ang_vel,55,0.10093795093795095,0.10102738782841043
OL,pressure_allowed_rate,false,PASS_RUSH_DROP__peak_ang_vel,63,-0.0012000768049155147,0.024982565936151512
OL,pressure_allowed_rate,false,OL_PULL_DRILL_FOLD_BLOCK_RIGHT__peak_ang_vel,63,0.08078917050691244,0.042942145100494815
OL,pressure_allowed_rate,false,FIVE_YARD_WAVE_DRILL_SLIDE_AND_SHUFFLE__peak_ang_vel,64,0.11414835164835163,0.10983959651161004
OL,pressure_allowed_rate,false,SHORT_SHUTTLE__peak_ang_vel,29,-0.06551724137931034,-0.05948770059104737
OL,pressure_allowed_rate,false,PASS_PRO_MIRROR_DRILL__peak_ang_vel,64,0.013095238095238094,0.02613548637048014
OL,pressure_allowed_rate,false,SCREEN_DRILL__peak_ang_vel,62,0.16934854322479917,0.1617796440155806
OL,pressure_allowed_rate,false,OL_PULL_DRILL_LONG_PULL_RIGHT__speed_at_peak_turn,52,-0.04576112012294032,-0.0396979948347737
OL,pressure_allowed_rate,false,FORTY_YARD_DASH__speed_at_peak_turn,51,0.051674208144796376,0.039784951931511554
OL,pressure_allowed_rate,false,THREE_CONE_DRILL__speed_at_peak_turn,25,-0.34076923076923077,-0.3746682878358669
OL,pressure_allowed_rate,false,OL_PULL_DRILL_DEEP_SHORT_PULL_LEFT__speed_at_peak_turn,55,-0.11753246753246756,-0.10931770849673504
OL,pressure_allowed_rate,false,PASS_RUSH_DROP__speed_at_peak_turn,63,-0.07781298003072197,-0.11091606650033127
OL,pressure_allowed_rate,false,OL_PULL_DRILL_FOLD_BLOCK_RIGHT__speed_at_peak_turn,63,-0.05347542242703533,-0.04104552797935479
OL,pressure_allowed_rate,false,FIVE_YARD_WAVE_DRILL_SLIDE_AND_SHUFFLE__speed_at_peak_turn,64,-0.051327838827838826,-0.04731905462523342
OL,pressure_allowed_rate,false,SHORT_SHUTTLE__speed_at_peak_turn,29,0.1881773399014778,0.20284110999010696
OL,pressure_allowed_rate,false,PASS_PRO_MIRROR_DRILL__speed_at_peak_turn,64,0.027930402930402925,0.009517771307018514
OL,pressure_allowed_rate,false,SCREEN_DRILL__speed_at_peak_turn,62,-0.11727229231195387,-0.11554575110936144
OL,pressure_allowed_rate,false,FORTY_YARD_DASH__split_2,51,-0.06823529411764705,-0.08225154918159429
OL,pressure_allowed_rate,false,FORTY_YARD_DASH__split_5,51,-0.049683257918552035,-0.06217551191268982
OL,pressure_allowed_rate,false,FORTY_YARD_DASH__split_10,51,-0.048959276018099546,-0.06253760927465322
OL,pressure_allowed_rate,false,FORTY_YARD_DASH__split_20,51,-0.043619909502262445,-0.06268985291424069
OL,pressure_allowed_rate,false,FORTY_YARD_DASH__split_40,51,-0.03040723981900452,-0.05450336764952879
OL,pressure_allowed_rate,false,FORTY_YARD_DASH__flying_10_speed,51,0.09194570135746605,0.11994314673644739
OL,mean_peak_pressure_prob_allowed,false,combine_height,64,0.2887362637362637,0.29233500746868346
OL,mean_peak_pressure_prob_allowed,false,combine_weight,64,0.10022893772893773,0.10231484258577621
OL,mean_peak_pressure_prob_allowed,false,hand_size,64,0.2184981684981685,0.2211675249937821
OL,mean_peak_pressure_prob_allowed,false,arm_length,64,0.45782967032967026,0.46425297870538035
OL,mean_peak_pressure_prob_allowed,false,wing_span,64,0.46213369963369955,0.46992220706000054
OL,mean_peak_pressure_prob_allowed,false,ten_yd_split,51,0.04208144796380091,0.05774437525297442
OL,mean_peak_pressure_prob_allowed,false,forty,51,-0.05719457013574661,-0.029497601080292847
OL,mean_peak_pressure_prob_allowed,false,vertical,55,-0.09011544011544015,-0.09462869499933303
OL,mean_peak_pressure_prob_allowed,false,broad_jump,57,0.2109800362976407,0.2076213915050152
OL,mean_peak_pressure_prob_allowed,false,three_cone,30,0.11902113459399331,0.11858431922410628
OL,mean_peak_pressure_prob_allowed,false,short_shuttle,34,0.12482811306340717,0.1478260593351765
OL,mean_peak_pressure_prob_allowed,false,bench_reps,31,-0.03225806451612904,-0.016285678346824765
OL,mean_peak_pressure_prob_allowed,false,ngs_athleticism_score,64,-0.12728937728937728,-0.13031365703833386
OL,mean_peak_pressure_prob_allowed,false,OL_PULL_DRILL_LONG_PULL_RIGHT__duration,52,-0.03730897293605396,-0.03845995380526231
OL,mean_peak_pressure_prob_allowed,false,FORTY_YARD_DASH__duration,51,0.03447963800904977,0.06949274263918201
OL,mean_peak_pressure_prob_allowed,false,THREE_CONE_DRILL__duration,26,0.3292307692307692,0.31947127107443124
OL,mean_peak_pressure_prob_allowed,false,OL_PULL_DRILL_DEEP_SHORT_PULL_LEFT__duration,55,0.11240981240981243,0.11374810856490483
OL,mean_peak_pressure_prob_allowed,false,PASS_RUSH_DROP__duration,63,-0.10195852534562212,-0.1092724456929897
OL,mean_peak_pressure_prob_allowed,false,OL_PULL_DRILL_FOLD_BLOCK_RIGHT__duration,63,0.03523425499231951,0.034311536041406014
OL,mean_peak_pressure_prob_allowed,false,FIVE_YARD_WAVE_DRILL_SLIDE_AND_SHUFFLE__duration,64,0.14487179487179486,0.14895024433018922
OL,mean_peak_pressure_prob_allowed,false,SHORT_SHUTTLE__duration,30,0.1203559510567297,0.14201985885585855
OL,mean_peak_pressure_prob_allowed,false,PASS_PRO_MIRROR_DRILL__duration,64,-0.14336080586080585,-0.14484024645618732
OL,mean_peak_pressure_prob_allowed,false,SCREEN_DRILL__duration,62,0.008083402583666995,0.008134733994367727
OL,mean_peak_pressure_prob_allowed,false,OL_PULL_DRILL_LONG_PULL_RIGHT__distance,52,0.15282165115683427,0.15176630768839863
OL,mean_peak_pressure_prob_allowed,false,FORTY_YARD_DASH__distance,51,0.12877828054298643,0.15642365759320373
OL,mean_peak_pressure_prob_allowed,false,THREE_CONE_DRILL__distance,26,-0.014017094017094016,0.016901600997936684
OL,mean_peak_pressure_prob_allowed,false,OL_PULL_DRILL_DEEP_SHORT_PULL_LEFT__distance,55,0.15988455988455993,0.15964578690126482
OL,mean_peak_pressure_prob_allowed,false,PASS_RUSH_DROP__distance,63,-0.058227726574500774,-0.06144907279063325
OL,mean_peak_pressure_prob_allowed,false,OL_PULL_DRILL_FOLD_BLOCK_RIGHT__distance,63,0.07104454685099847,0.07065121258858466
OL,mean_peak_pressure_prob_allowed,false,FIVE_YARD_WAVE_DRILL_SLIDE_AND_SHUFFLE__distance,64,0.030357142857142857,0.03157314672429562
OL,mean_peak_pressure_prob_allowed,false,SHORT_SHUTTLE__distance,30,0.07853170189098999,0.08576051995372994
OL,mean_peak_pressure_prob_allowed,false,PASS_PRO_MIRROR_DRILL__distance,64,-0.032509157509157505,-0.031908113237093964
OL,mean_peak_pressure_prob_allowed,false,SCREEN_DRILL__distance,62,-0.08186648535670217,-0.08170485763071403
OL,mean_peak_pressure_prob_allowed,false,OL_PULL_DRILL_LONG_PULL_RIGHT__peak_speed,52,0.07120293690770937,0.06890555439214956
OL,mean_peak_pressure_prob_allowed,false,FORTY_YARD_DASH__peak_speed,51,0.11095022624434389,0.08877638222729016
OL,mean_peak_pressure_prob_allowed,false,THREE_CONE_DRILL__peak_speed,26,-0.12957264957264958,-0.1455999083129169
OL,mean_peak_pressure_prob_allowed,false,OL_PULL_DRILL_DEEP_SHORT_PULL_LEFT__peak_speed,55,0.08318903318903322,0.08294017803309961
OL,mean_peak_pressure_prob_allowed,false,PASS_RUSH_DROP__peak_speed,63,-0.06931643625192013,-0.07075480839793413
OL,mean_peak_pressure_prob_allowed,false,OL_PULL_DRILL_FOLD_BLOCK_RIGHT__peak_speed,63,-0.17108294930875578,-0.17079639968676494
OL,mean_peak_pressure_prob_allowed,false,FIVE_YARD_WAVE_DRILL_SLIDE_AND_SHUFFLE__peak_speed,64,-0.12999084249084247,-0.1309996416304851
OL,mean_peak_pressure_prob_allowed,false,SHORT_SHUTTLE__peak_speed,30,0.02202447163515017,0.022517375519618788
OL,mean_peak_pressure_prob_allowed,false,PASS_PRO_MIRROR_DRILL__peak_speed,64,0.0010073260073260072,0.0013454750834941498
OL,mean_peak_pressure_prob_allowed,false,SCREEN_DRILL__peak_speed,62,0.010097957744705498,0.009578387783174729
OL,mean_peak_pressure_prob_allowed,false,OL_PULL_DRILL_LONG_PULL_RIGHT__mean_speed,52,0.2020831554682831,0.20212475676788852
OL,mean_peak_pressure_prob_allowed,false,FORTY_YARD_DASH__mean_speed,51,0.00751131221719457,-0.022230539404582868
OL,mean_peak_pressure_prob_allowed,false,THREE_CONE_DRILL__mean_speed,26,0.04068376068376068,0.05004564831673123
OL,mean_peak_pressure_prob_allowed,false,OL_PULL_DRILL_DEEP_SHORT_PULL_LEFT__mean_speed,55,0.10620490620490623,0.10594317609703476
OL,mean_peak_pressure_prob_allowed,false,PASS_RUSH_DROP__mean_speed,63,-0.04560291858678956,-0.04006921396396739
OL,mean_peak_pressure_prob_allowed,false,OL_PULL_DRILL_FOLD_BLOCK_RIGHT__mean_speed,63,0.059715821812596,0.059385829822567605
OL,mean_peak_pressure_prob_allowed,false,FIVE_YARD_WAVE_DRILL_SLIDE_AND_SHUFFLE__mean_speed,64,-0.1329212454212454,-0.13328403876006165
OL,mean_peak_pressure_prob_allowed,false,SHORT_SHUTTLE__mean_speed,30,-0.12791991101223582,-0.12991492505354965
OL,mean_peak_pressure_prob_allowed,false,PASS_PRO_MIRROR_DRILL__mean_speed,64,0.0005494505494505493,0.0012882733708322717
OL,mean_peak_pressure_prob_allowed,false,SCREEN_DRILL__mean_speed,62,-0.13590692755156003,-0.13586940174036313
OL,mean_peak_pressure_prob_allowed,false,OL_PULL_DRILL_LONG_PULL_RIGHT__peak_accel,52,0.2812259882182191,0.28118359401175613
OL,mean_peak_pressure_prob_allowed,false,FORTY_YARD_DASH__peak_accel,51,0.023529411764705882,0.019458303660164496
OL,mean_peak_pressure_prob_allowed,false,THREE_CONE_DRILL__peak_accel,26,0.010598290598290596,0.006589066910107707
OL,mean_peak_pressure_prob_allowed,false,OL_PULL_DRILL_DEEP_SHORT_PULL_LEFT__peak_accel,55,0.17222222222222225,0.17241282117589463
OL,mean_peak_pressure_prob_allowed,false,PASS_RUSH_DROP__peak_accel,63,0.14842549923195084,0.15851729969109474
OL,mean_peak_pressure_prob_allowed,false,OL_PULL_DRILL_FOLD_BLOCK_RIGHT__peak_accel,63,-0.06408410138248848,-0.06756560810772691
OL,mean_peak_pressure_prob_allowed,false,FIVE_YARD_WAVE_DRILL_SLIDE_AND_SHUFFLE__peak_accel,64,-0.26955128205128204,-0.2694848142685162
OL,mean_peak_pressure_prob_allowed,false,SHORT_SHUTTLE__peak_accel,30,-0.21379310344827587,-0.2250080630593192
OL,mean_peak_pressure_prob_allowed,false,PASS_PRO_MIRROR_DRILL__peak_accel,64,-0.06204212454212454,-0.06173555453458486
OL,mean_peak_pressure_prob_allowed,false,SCREEN_DRILL__peak_accel,62,0.027423132129636624,0.029787538819576118
OL,mean_peak_pressure_prob_allowed,false,OL_PULL_DRILL_LONG_PULL_RIGHT__peak_long_accel,52,0.2153163152053274,0.2145473806587077
OL,mean_peak_pressure_prob_allowed,false,FORTY_YARD_DASH__peak_long_accel,51,0.07248868778280543,0.06502825642496136
OL,mean_peak_pressure_prob_allowed,false,THREE_CONE_DRILL__peak_long_accel,26,0.13094017094017094,0.126556129605643
OL,mean_peak_pressure_prob_allowed,false,OL_PULL_DRILL_DEEP_SHORT_PULL_LEFT__peak_long_accel,55,0.11471861471861475,0.1148639156164825
OL,mean_peak_pressure_prob_allowed,false,PASS_RUSH_DROP__peak_long_accel,63,0.19258832565284179,0.19550323309232304
OL,mean_peak_pressure_prob_allowed,false,OL_PULL_DRILL_FOLD_BLOCK_RIGHT__peak_long_accel,63,-0.29819508448540705,-0.29816728994404534
OL,mean_peak_pressure_prob_allowed,false,FIVE_YARD_WAVE_DRILL_SLIDE_AND_SHUFFLE__peak_long_accel,64,-0.37605311355311355,-0.3760114715358559
OL,mean_peak_pressure_prob_allowed,false,SHORT_SHUTTLE__peak_long_accel,30,0.02246941045606229,0.01959082997747374
OL,mean_peak_pressure_prob_allowed,false,PASS_PRO_MIRROR_DRILL__peak_long_accel,64,-0.03388278388278388,-0.03341531022604851
OL,mean_peak_pressure_prob_allowed,false,SCREEN_DRILL__peak_long_accel,62,-0.008536677494900658,-0.007417260934574513
OL,mean_peak_pressure_prob_allowed,false,OL_PULL_DRILL_LONG_PULL_RIGHT__peak_long_decel,52,0.0019636301545291556,0.002612296884946618
OL,mean_peak_pressure_prob_allowed,false,FORTY_YARD_DASH__peak_long_decel,51,-0.15665158371040722,-0.15252932882649045
OL,mean_peak_pressure_prob_allowed,false,THREE_CONE_DRILL__peak_long_decel,26,0.16444444444444445,0.1956932042684227
OL,mean_peak_pressure_prob_allowed,false,OL_PULL_DRILL_DEEP_SHORT_PULL_LEFT__peak_long_decel,55,0.021789321789321792,0.02017064402474192
OL,mean_peak_pressure_prob_allowed,false,PASS_RUSH_DROP__peak_long_decel,63,0.23166282642089095,0.23418479803519543
OL,mean_peak_pressure_prob_allowed,false,OL_PULL_DRILL_FOLD_BLOCK_RIGHT__peak_long_decel,63,-0.11559139784946236,-0.11515495607394549
OL,mean_peak_pressure_prob_allowed,false,FIVE_YARD_WAVE_DRILL_SLIDE_AND_SHUFFLE__peak_long_decel,64,-0.29088827838827835,-0.29094570443246526
OL,mean_peak_pressure_prob_allowed,false,SHORT_SHUTTLE__peak_long_decel,30,-0.2783092324805339,-0.28401168721976655
OL,mean_peak_pressure_prob_allowed,false,PASS_PRO_MIRROR_DRILL__peak_long_decel,64,-0.036538461538461534,-0.03605838241443454
OL,mean_peak_pressure_prob_allowed,false,SCREEN_DRILL__peak_long_decel,62,-0.0547707184407343,-0.05468451134013804
OL,mean_peak_pressure_prob_allowed,false,OL_PULL_DRILL_LONG_PULL_RIGHT__time_to_peak_speed,52,-0.07316656706223854,-0.07268130451090307
OL,mean_peak_pressure_prob_allowed,false,FORTY_YARD_DASH__time_to_peak_speed,51,0.011583710407239817,0.023908274339646995
OL,mean_peak_pressure_prob_allowed,false,THREE_CONE_DRILL__time_to_peak_speed,26,0.18153846153846154,0.20241521226559758
OL,mean_peak_pressure_prob_allowed,false,OL_PULL_DRILL_DEEP_SHORT_PULL_LEFT__time_to_peak_speed,55,0.09199134199134201,0.09245748528408809
OL,mean_peak_pressure_prob_allowed,false,PASS_RUSH_DROP__time_to_peak_speed,63,-0.07238863287250383,-0.08031765456414164
OL,mean_peak_pressure_prob_allowed,false,OL_PULL_DRILL_FOLD_BLOCK_RIGHT__time_to_peak_speed,63,-0.014688940092165901,-0.016108485454751176
OL,mean_peak_pressure_prob_allowed,false,FIVE_YARD_WAVE_DRILL_SLIDE_AND_SHUFFLE__time_to_peak_speed,64,0.13447802197802194,0.13808378959245113
OL,mean_peak_pressure_prob_allowed,false,SHORT_SHUTTLE__time_to_peak_speed,30,-0.011790878754171301,-0.004392778492399742
OL,mean_peak_pressure_prob_allowed,false,PASS_PRO_MIRROR_DRILL__time_to_peak_speed,64,-0.13791208791208792,-0.13919636666605456
OL,mean_peak_pressure_prob_allowed,false,SCREEN_DRILL__time_to_peak_speed,62,-0.09919165974163331,-0.10142193041418042
OL,mean_peak_pressure_prob_allowed,false,OL_PULL_DRILL_LONG_PULL_RIGHT__total_turn_deg,52,0.155809784000683,0.16096672986919502
OL,mean_peak_pressure_prob_allowed,false,FORTY_YARD_DASH__total_turn_deg,51,0.02606334841628959,0.03987609041555536
OL,mean_peak_pressure_prob_allowed,false,THREE_CONE_DRILL__total_turn_deg,26,-0.2423931623931624,-0.3052357440812666
OL,mean_peak_pressure_prob_allowed,false,OL_PULL_DRILL_DEEP_SHORT_PULL_LEFT__total_turn_deg,55,-0.004256854256854258,-0.001987617344395537
OL,mean_peak_pressure_prob_allowed,false,PASS_RUSH_DROP__total_turn_deg,63,-0.007488479262672812,-0.004155099953188841
OL,mean_peak_pressure_prob_allowed,false,OL_PULL_DRILL_FOLD_BLOCK_RIGHT__total_turn_deg,63,0.020065284178187405,0.018575645640541164
OL,mean_peak_pressure_prob_allowed,false,FIVE_YARD_WAVE_DRILL_SLIDE_AND_SHUFFLE__total_turn_deg,64,0.22394688644688643,0.22736697047226256
OL,mean_peak_pressure_prob_allowed,false,SHORT_SHUTTLE__total_turn_deg,30,-0.04827586206896552,-0.04571554207370345
OL,mean_peak_pressure_prob_allowed,false,PASS_PRO_MIRROR_DRILL__total_turn_deg,64,0.08223443223443222,0.08255354437543173
OL,mean_peak_pressure_prob_allowed,false,SCREEN_DRILL__total_turn_deg,62,-0.00078064012490242,-0.0011569034021152184
OL,mean_peak_pressure_prob_allowed,false,OL_PULL_DRILL_LONG_PULL_RIGHT__peak_ang_vel,52,0.1671646888073081,0.1663497784599296
OL,mean_peak_pressure_prob_allowed,false,FORTY_YARD_DASH__peak_ang_vel,51,0.024796380090497738,0.021036254356399935
OL,mean_peak_pressure_prob_allowed,false,THREE_CONE_DRILL__peak_ang_vel,25,-0.3730769230769231,-0.4182590681327743
OL,mean_peak_pressure_prob_allowed,false,OL_PULL_DRILL_DEEP_SHORT_PULL_LEFT__peak_ang_vel,55,0.05815295815295817,0.05818502332527116
OL,mean_peak_pressure_prob_allowed,false,PASS_RUSH_DROP__peak_ang_vel,63,0.030481950844854076,0.0364046871214427
OL,mean_peak_pressure_prob_allowed,false,OL_PULL_DRILL_FOLD_BLOCK_RIGHT__peak_ang_vel,63,-0.007872503840245777,-0.011233275578950944
OL,mean_peak_pressure_prob_allowed,false,FIVE_YARD_WAVE_DRILL_SLIDE_AND_SHUFFLE__peak_ang_vel,64,0.19697802197802194,0.19745394860927268
OL,mean_peak_pressure_prob_allowed,false,SHORT_SHUTTLE__peak_ang_vel,29,-0.12167487684729061,-0.12034821429670306
OL,mean_peak_pressure_prob_allowed,false,PASS_PRO_MIRROR_DRILL__peak_ang_vel,64,0.10027472527472525,0.10019741021793342
OL,mean_peak_pressure_prob_allowed,false,SCREEN_DRILL__peak_ang_vel,62,0.12074739996474529,0.12143018636107177
OL,mean_peak_pressure_prob_allowed,false,OL_PULL_DRILL_LONG_PULL_RIGHT__speed_at_peak_turn,52,0.06830017928797062,0.06702962600787857
OL,mean_peak_pressure_prob_allowed,false,FORTY_YARD_DASH__speed_at_peak_turn,51,0.06407239819004525,0.08350076819692646
OL,mean_peak_pressure_prob_allowed,false,THREE_CONE_DRILL__speed_at_peak_turn,25,-0.25769230769230766,-0.315545924560575
OL,mean_peak_pressure_prob_allowed,false,OL_PULL_DRILL_DEEP_SHORT_PULL_LEFT__speed_at_peak_turn,55,-0.1435786435786436,-0.1453826836696519
OL,mean_peak_pressure_prob_allowed,false,PASS_RUSH_DROP__speed_at_peak_turn,63,-0.07694892473118281,-0.08478393463006563
OL,mean_peak_pressure_prob_allowed,false,OL_PULL_DRILL_FOLD_BLOCK_RIGHT__speed_at_peak_turn,63,0.008448540706605223,0.009429540766318214
OL,mean_peak_pressure_prob_allowed,false,FIVE_YARD_WAVE_DRILL_SLIDE_AND_SHUFFLE__speed_at_peak_turn,64,-0.06565934065934065,-0.06594131317844898
OL,mean_peak_pressure_prob_allowed,false,SHORT_SHUTTLE__speed_at_peak_turn,29,0.1970443349753694,0.2008999218902233
OL,mean_peak_pressure_prob_allowed,false,PASS_PRO_MIRROR_DRILL__speed_at_peak_turn,64,-0.04015567765567765,-0.039671247262565
OL,mean_peak_pressure_prob_allowed,false,SCREEN_DRILL__speed_at_peak_turn,62,-0.04192792928911385,-0.04204602811919334
OL,mean_peak_pressure_prob_allowed,false,FORTY_YARD_DASH__split_2,51,-0.0588235294117647,-0.043014839564073565
OL,mean_peak_pressure_prob_allowed,false,FORTY_YARD_DASH__split_5,51,-0.054208144796380094,-0.039484539144593524
OL,mean_peak_pressure_prob_allowed,false,FORTY_YARD_DASH__split_10,51,-0.054117647058823534,-0.038229865251859764
OL,mean_peak_pressure_prob_allowed,false,FORTY_YARD_DASH__split_20,51,-0.05438914027149321,-0.03283099384518926
OL,mean_peak_pressure_prob_allowed,false,FORTY_YARD_DASH__split_40,51,-0.05999999999999999,-0.03339882764427996
OL,mean_peak_pressure_prob_allowed,false,FORTY_YARD_DASH__flying_10_speed,51,0.11837104072398189,0.09537229056307556
DL,starts_per_season,true,combine_height,118,0.09722846113673632,0.058479990532355565
DL,starts_per_season,true,combine_weight,118,0.06899813380371705,0.15299675785128963
DL,starts_per_season,true,hand_size,118,0.13323764968829777,0.1795973480495612
DL,starts_per_season,true,arm_length,118,0.11218724778046814,0.03836712005105726
DL,starts_per_season,true,wing_span,118,0.1591306666082339,0.1220798820243067
DL,starts_per_season,true,ten_yd_split,94,-0.02981613264458332,0.09116876312920995
DL,starts_per_season,true,forty,94,-0.034757793591734996,0.0879737321294926
DL,starts_per_season,true,vertical,102,0.15675907967724245,0.006912319429660853
DL,starts_per_season,true,broad_jump,97,0.012400063118030715,-0.15302817406205507
DL,starts_per_season,true,three_cone,43,0.00936273029296285,0.09330977546045306
DL,starts_per_season,true,short_shuttle,46,-0.1888991674375578,0.01634348899795712
DL,starts_per_season,true,bench_reps,54,0.22104059462550027,0.2671904257609971
DL,starts_per_season,true,ngs_athleticism_score,118,0.33827820567601224,0.18271362840563013
DL,starts_per_season,true,FORTY_YARD_DASH__duration,93,-0.05214705619050461,0.06172401551188155
DL,starts_per_season,true,THREE_CONE_DRILL__duration,45,-0.21607378129117258,-0.1349233816702533
DL,starts_per_season,true,SHORT_ZONE_BREAKS__duration,40,-0.18198874296435275,-0.19188639546913883
DL,starts_per_season,true,FOUR_BAG_AGILITY_DRILL__duration,112,-0.11357501622988349,-0.09809400814697206
DL,starts_per_season,true,BODY_CONTROL_DRILL__duration,111,0.07259564759564759,0.13705148568675643
DL,starts_per_season,true,FRONT_START_WAVE_DRILL_AND_LATERAL_REACTION__duration,112,-0.1060751016503229,-0.17899817211339844
DL,starts_per_season,true,PASS_RUSH_DRILL__duration,118,0.022062019070992152,0.02520013712813342
DL,starts_per_season,true,BACK_PEDAL_AND_REACT__duration,59,-0.10677966101694916,-0.03535280448738973
DL,starts_per_season,true,RUN_THE_HOOP_DRILL__duration,109,-0.08758224446297841,-0.025288919943391577
DL,starts_per_season,true,RUN_AND_CLUB_DRILL__duration,112,-0.05417364266921789,0.05515429007645953
DL,starts_per_season,true,SHORT_SHUTTLE__duration,38,0.40584309005361635,0.5455337209416133
DL,starts_per_season,true,FORTY_YARD_DASH__distance,93,0.06353137775655754,0.10409421932308038
DL,starts_per_season,true,THREE_CONE_DRILL__distance,45,0.04400527009222661,0.16663763417906188
DL,starts_per_season,true,SHORT_ZONE_BREAKS__distance,40,-0.11425891181988744,-0.1672935118135146
DL,starts_per_season,true,FOUR_BAG_AGILITY_DRILL__distance,112,-0.017007209485085592,0.003800431493928739
DL,starts_per_season,true,BODY_CONTROL_DRILL__distance,111,0.09638469638469638,0.13393077906538023
DL,starts_per_season,true,FRONT_START_WAVE_DRILL_AND_LATERAL_REACTION__distance,112,-0.05462637099805242,-0.14905815937635042
DL,starts_per_season,true,PASS_RUSH_DRILL__distance,118,0.08468732995153733,0.0042505859417080166
DL,starts_per_season,true,BACK_PEDAL_AND_REACT__distance,59,-0.15639976621858565,-0.17935130526575385
DL,starts_per_season,true,RUN_THE_HOOP_DRILL__distance,109,-0.16404411083310166,-0.07366882973448001
DL,starts_per_season,true,RUN_AND_CLUB_DRILL__distance,112,-0.06597020535073632,0.028060909118565916
DL,starts_per_season,true,SHORT_SHUTTLE__distance,38,0.1999124630703578,0.41959031822910664
DL,starts_per_season,true,FORTY_YARD_DASH__peak_speed,93,0.009280534749783652,-0.07437350804074744
DL,starts_per_season,true,THREE_CONE_DRILL__peak_speed,45,0.14163372859025034,-0.008209223410619968
DL,starts_per_season,true,SHORT_ZONE_BREAKS__peak_speed,40,0.03395872420262664,-0.20676840358346288
DL,starts_per_season,true,FOUR_BAG_AGILITY_DRILL__peak_speed,112,0.07888577578843066,-0.06592053371507385
DL,starts_per_season,true,BODY_CONTROL_DRILL__peak_speed,111,0.1313969813969814,-0.012475812916404984
DL,starts_per_season,true,FRONT_START_WAVE_DRILL_AND_LATERAL_REACTION__peak_speed,112,0.12299689069600574,0.05292133643828382
DL,starts_per_season,true,PASS_RUSH_DRILL__peak_speed,118,0.04713697734634924,-0.10143262409087878
DL,starts_per_season,true,BACK_PEDAL_AND_REACT__peak_speed,59,-0.06230274693161895,-0.2404266761304756
DL,starts_per_season,true,RUN_THE_HOOP_DRILL__peak_speed,109,0.07104994903160042,-0.03719941843802526
DL,starts_per_season,true,RUN_AND_CLUB_DRILL__peak_speed,112,0.10558820514572728,0.06214928271632326
DL,starts_per_season,true,SHORT_SHUTTLE__peak_speed,38,-0.13819892767261188,-0.1893789191951705
DL,starts_per_season,true,FORTY_YARD_DASH__mean_speed,93,0.07704932708662826,-0.02431468329589382
DL,starts_per_season,true,THREE_CONE_DRILL__mean_speed,45,0.1889328063241107,0.28318673361411084
DL,starts_per_season,true,SHORT_ZONE_BREAKS__mean_speed,40,-0.018386491557223265,-0.1369097464151865
DL,starts_per_season,true,FOUR_BAG_AGILITY_DRILL__mean_speed,112,0.16428058905935014,0.14616605944247832
DL,starts_per_season,true,BODY_CONTROL_DRILL__mean_speed,111,0.016049491049491046,-0.04376885838711029
DL,starts_per_season,true,FRONT_START_WAVE_DRILL_AND_LATERAL_REACTION__mean_speed,112,0.05638603204974887,-0.06145443721752793
DL,starts_per_season,true,PASS_RUSH_DRILL__mean_speed,118,0.0007486697416906789,-0.04284056752816216
DL,starts_per_season,true,BACK_PEDAL_AND_REACT__mean_speed,59,-0.04628872004675629,-0.20025349595952588
DL,starts_per_season,true,RUN_THE_HOOP_DRILL__mean_speed,109,-0.0697155036604578,-0.05735301069836232
DL,starts_per_season,true,RUN_AND_CLUB_DRILL__mean_speed,112,0.15637919841459663,0.15555294737906575
DL,starts_per_season,true,SHORT_SHUTTLE__mean_speed,38,-0.19881825144983042,-0.17893988544503797
DL,starts_per_season,true,FORTY_YARD_DASH__peak_accel,93,0.03167616603503327,-0.055435179009206206
DL,starts_per_season,true,THREE_CONE_DRILL__peak_accel,45,0.2951251646903821,0.17509259240811928
DL,starts_per_season,true,SHORT_ZONE_BREAKS__peak_accel,40,0.15816135084427768,0.21426064556378754
DL,starts_per_season,true,FOUR_BAG_AGILITY_DRILL__peak_accel,112,0.04846755731711484,-0.0224946197588184
DL,starts_per_season,true,BODY_CONTROL_DRILL__peak_accel,111,0.09984204984204985,0.024517060761278554
DL,starts_per_season,true,FRONT_START_WAVE_DRILL_AND_LATERAL_REACTION__peak_accel,112,0.039404448696484094,-0.10628903058981606
DL,starts_per_season,true,PASS_RUSH_DRILL__peak_accel,118,0.09364945456670282,0.03163012963516771
DL,starts_per_season,true,BACK_PEDAL_AND_REACT__peak_accel,59,0.00011689070718877851,-0.21466595147108028
DL,starts_per_season,true,RUN_THE_HOOP_DRILL__peak_accel,109,-0.018144750254842,0.011746771856304723
DL,starts_per_season,true,RUN_AND_CLUB_DRILL__peak_accel,112,0.16594628762770355,0.12437550101268176
DL,starts_per_season,true,SHORT_SHUTTLE__peak_accel,38,-0.2736623262939052,-0.3793024475253255
DL,starts_per_season,true,FORTY_YARD_DASH__peak_long_accel,93,-0.01651696457879502,-0.09763703328624633
DL,starts_per_season,true,THREE_CONE_DRILL__peak_long_accel,45,0.010013175230566534,0.03005542544504694
DL,starts_per_season,true,SHORT_ZONE_BREAKS__peak_long_accel,40,0.014258911819887431,-0.11512121576837932
DL,starts_per_season,true,FOUR_BAG_AGILITY_DRILL__peak_long_accel,112,0.08355827382376055,-0.026474353245825887
DL,starts_per_season,true,BODY_CONTROL_DRILL__peak_long_accel,111,0.18217795717795715,0.14607162993856154
DL,starts_per_season,true,FRONT_START_WAVE_DRILL_AND_LATERAL_REACTION__peak_long_accel,112,-0.008465165544811562,-0.13523411624063034
DL,starts_per_season,true,PASS_RUSH_DRILL__peak_long_accel,118,-0.07714219977430346,-0.0667257012039015
DL,starts_per_season,true,BACK_PEDAL_AND_REACT__peak_long_accel,59,-0.09812974868497955,-0.20336115916881864
DL,starts_per_season,true,RUN_THE_HOOP_DRILL__peak_long_accel,109,-0.036993791122231494,0.02814581337088925
DL,starts_per_season,true,RUN_AND_CLUB_DRILL__peak_long_accel,112,0.20002050090545667,0.1875680171089669
DL,starts_per_season,true,SHORT_SHUTTLE__peak_long_accel,38,-0.185031185031185,-0.30105206737618745
DL,starts_per_season,true,FORTY_YARD_DASH__peak_long_decel,93,-0.07485601742711348,-0.021268107132295405
DL,starts_per_season,true,THREE_CONE_DRILL__peak_long_decel,45,0.10316205533596837,0.00013075188685317398
DL,starts_per_season,true,SHORT_ZONE_BREAKS__peak_long_decel,40,0.14240150093808632,0.13886231435256716
DL,starts_per_season,true,FOUR_BAG_AGILITY_DRILL__peak_long_decel,112,-0.022277650596234665,-0.12712308823060572
DL,starts_per_season,true,BODY_CONTROL_DRILL__peak_long_decel,111,0.03640751140751141,0.08401653603494713
DL,starts_per_season,true,FRONT_START_WAVE_DRILL_AND_LATERAL_REACTION__peak_long_decel,112,0.00994293914647897,-0.11983474236800776
DL,starts_per_season,true,PASS_RUSH_DRILL__peak_long_decel,118,-0.07756583728667478,-0.013225673070229824
DL,starts_per_season,true,BACK_PEDAL_AND_REACT__peak_long_decel,59,0.04646405610753945,-0.1460798380959988
DL,starts_per_season,true,RUN_THE_HOOP_DRILL__peak_long_decel,109,0.05798350477249561,-0.06212596400092188
DL,starts_per_season,true,RUN_AND_CLUB_DRILL__peak_long_decel,112,0.2697492055899136,0.23663280425020566
DL,starts_per_season,true,SHORT_SHUTTLE__peak_long_decel,38,-0.06663748769011926,-0.1508075101841326
DL,starts_per_season,true,FORTY_YARD_DASH__time_to_peak_speed,93,-0.061890125630390015,0.028512536091679915
DL,starts_per_season,true,THREE_CONE_DRILL__time_to_peak_speed,45,-0.08787878787878786,0.03485221288023609
DL,starts_per_season,true,SHORT_ZONE_BREAKS__time_to_peak_speed,40,-0.01557223264540338,-0.14194269815006058
DL,starts_per_season,true,FOUR_BAG_AGILITY_DRILL__time_to_peak_speed,112,-0.09905354153141764,-0.09220334532039703
DL,starts_per_season,true,BODY_CONTROL_DRILL__time_to_peak_speed,111,0.11896279396279395,0.12984036144567557
DL,starts_per_season,true,FRONT_START_WAVE_DRILL_AND_LATERAL_REACTION__time_to_peak_speed,112,-0.08409642259199782,-0.1652410358640404
DL,starts_per_season,true,PASS_RUSH_DRILL__time_to_peak_speed,118,0.12186517370964031,0.05680206188425631
DL,starts_per_season,true,BACK_PEDAL_AND_REACT__time_to_peak_speed,59,-0.05645821157218002,-0.012548453022254538
DL,starts_per_season,true,RUN_THE_HOOP_DRILL__time_to_peak_speed,109,-0.09159484755815031,-0.025676032267147483
DL,starts_per_season,true,RUN_AND_CLUB_DRILL__time_to_peak_speed,112,-0.07461475381829363,0.00017040030839858997
DL,starts_per_season,true,SHORT_SHUTTLE__time_to_peak_speed,38,0.09683772841667579,0.21346847336853195
DL,starts_per_season,true,FORTY_YARD_DASH__total_turn_deg,93,-0.030825699024201,-0.05674205477263125
DL,starts_per_season,true,THREE_CONE_DRILL__total_turn_deg,45,0.004743083003952569,0.08932670997152647
DL,starts_per_season,true,SHORT_ZONE_BREAKS__total_turn_deg,40,0.06829268292682927,0.12977165294813015
DL,starts_per_season,true,FOUR_BAG_AGILITY_DRILL__total_turn_deg,112,-0.0629206956640585,0.03761652420161826
DL,starts_per_season,true,BODY_CONTROL_DRILL__total_turn_deg,111,0.0030098280098280095,0.014364862029980255
DL,starts_per_season,true,FRONT_START_WAVE_DRILL_AND_LATERAL_REACTION__total_turn_deg,112,0.0490740424368743,0.026599398282983074
DL,starts_per_season,true,PASS_RUSH_DRILL__total_turn_deg,118,0.028993605264791708,0.0941352951386521
DL,starts_per_season,true,BACK_PEDAL_AND_REACT__total_turn_deg,59,0.027586206896551727,0.03002918476065475
DL,starts_per_season,true,RUN_THE_HOOP_DRILL__total_turn_deg,109,-0.15555555555555559,-0.1016150096643509
DL,starts_per_season,true,RUN_AND_CLUB_DRILL__total_turn_deg,112,-0.24488331567977586,-0.14375791034407676
DL,starts_per_season,true,SHORT_SHUTTLE__total_turn_deg,38,0.10690447532552796,0.16217726904499788
DL,starts_per_season,true,FORTY_YARD_DASH__peak_ang_vel,93,-0.031303154188177015,-0.06461460673326012
DL,starts_per_season,true,THREE_CONE_DRILL__peak_ang_vel,45,0.03715415019762845,0.052092050958411344
DL,starts_per_season,true,SHORT_ZONE_BREAKS__peak_ang_vel,40,0.22213883677298316,0.14889663001356235
DL,starts_per_season,true,FOUR_BAG_AGILITY_DRILL__peak_ang_vel,112,0.037542283117504356,0.01751987548006449
DL,starts_per_season,true,BODY_CONTROL_DRILL__peak_ang_vel,111,0.04479641979641979,0.04370669097907881
DL,starts_per_season,true,FRONT_START_WAVE_DRILL_AND_LATERAL_REACTION__peak_ang_vel,112,0.006936139679502512,0.12422646724213292
DL,starts_per_season,true,PASS_RUSH_DRILL__peak_ang_vel,118,0.12014871137503243,0.17885213379531262
DL,starts_per_season,true,BACK_PEDAL_AND_REACT__peak_ang_vel,59,0.0990648743424898,0.06705793995926349
DL,starts_per_season,true,RUN_THE_HOOP_DRILL__peak_ang_vel,109,0.07395051431748681,-0.12975974807870996
DL,starts_per_season,true,RUN_AND_CLUB_DRILL__peak_ang_vel,112,0.16727030443844604,0.21874824959758749
DL,starts_per_season,true,SHORT_SHUTTLE__peak_ang_vel,38,0.03424882372250793,0.19044997813195574
DL,starts_per_season,true,FORTY_YARD_DASH__speed_at_peak_turn,93,-0.10630837635403301,-0.031359917649964854
DL,starts_per_season,true,THREE_CONE_DRILL__speed_at_peak_turn,45,-0.1810276679841897,-0.18143805036151245
DL,starts_per_season,true,SHORT_ZONE_BREAKS__speed_at_peak_turn,40,0.18667917448405252,0.27521715607072017
DL,starts_per_season,true,FOUR_BAG_AGILITY_DRILL__speed_at_peak_turn,112,0.06333925581713193,-0.023992998641398432
DL,starts_per_season,true,BODY_CONTROL_DRILL__speed_at_peak_turn,111,-0.043497718497718496,-0.060493209249651105
DL,starts_per_season,true,FRONT_START_WAVE_DRILL_AND_LATERAL_REACTION__speed_at_peak_turn,112,-0.008132025831140876,-0.09166591507503628
DL,starts_per_season,true,PASS_RUSH_DRILL__speed_at_peak_turn,118,-0.09810495254164248,-0.11134394242338161
DL,starts_per_season,true,BACK_PEDAL_AND_REACT__speed_at_peak_turn,59,-0.20935125657510234,-0.1941719843432594
DL,starts_per_season,true,RUN_THE_HOOP_DRILL__speed_at_peak_turn,109,-0.2258456120841442,-0.03955560421207429
DL,starts_per_season,true,RUN_AND_CLUB_DRILL__speed_at_peak_turn,112,-0.1428742269450234,-0.2077076157956005
DL,starts_per_season,true,SHORT_SHUTTLE__speed_at_peak_turn,38,0.14935988620199148,0.051785035829986475
DL,starts_per_season,true,FORTY_YARD_DASH__split_2,93,-0.023290859717704632,-0.04675412737327913
DL,starts_per_season,true,FORTY_YARD_DASH__split_5,93,-0.008967204798424397,-0.012795448794302835
DL,starts_per_season,true,FORTY_YARD_DASH__split_10,93,-0.028378741308823965,-0.004182095274098417
DL,starts_per_season,true,FORTY_YARD_DASH__split_20,93,-0.06623198352779683,0.015571520943688166
DL,starts_per_season,true,FORTY_YARD_DASH__split_40,93,-0.053758467368923625,0.05268172793459064
DL,starts_per_season,true,FORTY_YARD_DASH__flying_10_speed,93,0.015711258989585506,-0.07358384197026052
DL,pressure_rate,true,combine_height,68,-0.13268694888727717,-0.16636939816603996
DL,pressure_rate,true,combine_weight,68,-0.4810856204908959,-0.5167005457835976
DL,pressure_rate,true,hand_size,68,-0.1352444936443104,-0.16269724607090902
DL,pressure_rate,true,arm_length,68,-0.14551284498224987,-0.17364363469398053
DL,pressure_rate,true,wing_span,68,-0.25896094972706796,-0.28609717154742265
DL,pressure_rate,true,ten_yd_split,53,-0.5166908563134979,-0.5143549577264644
DL,pressure_rate,true,forty,53,-0.5651507821319142,-0.5514337994131795
DL,pressure_rate,true,vertical,62,0.37372516431215536,0.36606431610410933
DL,pressure_rate,true,broad_jump,60,0.5108085579327591,0.5064136275719227
DL,pressure_rate,true,three_cone,26,-0.6403418803418803,-0.5619878135772185
DL,pressure_rate,true,short_shuttle,25,-0.6646153846153847,-0.5574343824566793
DL,pressure_rate,true,bench_reps,33,0.10360962566844921,0.09420366688438289
DL,pressure_rate,true,ngs_athleticism_score,68,0.28957514219185404,0.21599045959047855
DL,pressure_rate,true,FORTY_YARD_DASH__duration,52,-0.5160078545206181,-0.5275198202365571
DL,pressure_rate,true,THREE_CONE_DRILL__duration,29,-0.7009852216748766,-0.6636176305507749
DL,pressure_rate,true,SHORT_ZONE_BREAKS__duration,29,0.001970443349753694,-0.013723062153574035
DL,pressure_rate,true,FOUR_BAG_AGILITY_DRILL__duration,64,0.12170329670329669,0.12402912178537813
DL,pressure_rate,true,BODY_CONTROL_DRILL__duration,64,-0.013690476190476189,-0.020312239959920313
DL,pressure_rate,true,FRONT_START_WAVE_DRILL_AND_LATERAL_REACTION__duration,64,0.10306776556776556,0.0862358778335358
DL,pressure_rate,true,PASS_RUSH_DRILL__duration,68,-0.13616062907966558,-0.15729586517119143
DL,pressure_rate,true,BACK_PEDAL_AND_REACT__duration,39,0.1856275303643725,0.15362170019881272
DL,pressure_rate,true,RUN_THE_HOOP_DRILL__duration,62,-0.4195059303467553,-0.42723582082427664
DL,pressure_rate,true,RUN_AND_CLUB_DRILL__duration,64,-0.4489926739926739,-0.44697086213325177
DL,pressure_rate,true,FORTY_YARD_DASH__distance,52,-0.09348587040040979,-0.09469866834545342
DL,pressure_rate,true,THREE_CONE_DRILL__distance,29,-0.21428571428571425,-0.04113347015995565
DL,pressure_rate,true,SHORT_ZONE_BREAKS__distance,29,0.0940886699507389,0.05684274069760815
DL,pressure_rate,true,FOUR_BAG_AGILITY_DRILL__distance,64,0.13836996336996335,0.12290413372629552
DL,pressure_rate,true,BODY_CONTROL_DRILL__distance,64,0.0972069597069597,0.08237331694316535
DL,pressure_rate,true,FRONT_START_WAVE_DRILL_AND_LATERAL_REACTION__distance,64,0.27074175824175817,0.25337186571967457
DL,pressure_rate,true,PASS_RUSH_DRILL__distance,68,0.177119517502004,0.18487299817461825
DL,pressure_rate,true,BACK_PEDAL_AND_REACT__distance,39,0.18036437246963563,0.17312703081826347
DL,pressure_rate,true,RUN_THE_HOOP_DRILL__distance,62,-0.2235400770567349,-0.1985855034395155
DL,pressure_rate,true,RUN_AND_CLUB_DRILL__distance,64,-0.3953754578754578,-0.38698298218523175
DL,pressure_rate,true,FORTY_YARD_DASH__peak_speed,52,0.5300093912746521,0.5211357048665692
DL,pressure_rate,true,THREE_CONE_DRILL__peak_speed,29,0.4123152709359605,0.3567326485332733
DL,pressure_rate,true,SHORT_ZONE_BREAKS__peak_speed,29,-0.06847290640394087,-0.15151638405537066
DL,pressure_rate,true,FOUR_BAG_AGILITY_DRILL__peak_speed,64,0.5062728937728938,0.4783148984276697
DL,pressure_rate,true,BODY_CONTROL_DRILL__peak_speed,64,0.46854395604395593,0.4468030775980513
DL,pressure_rate,true,FRONT_START_WAVE_DRILL_AND_LATERAL_REACTION__peak_speed,64,0.4525641025641025,0.4399596780089723
DL,pressure_rate,true,PASS_RUSH_DRILL__peak_speed,68,0.39191510478299035,0.3850308196565969
DL,pressure_rate,true,BACK_PEDAL_AND_REACT__peak_speed,39,-0.025303643724696356,-0.07228265792199846
DL,pressure_rate,true,RUN_THE_HOOP_DRILL__peak_speed,62,0.485784795144922,0.47161139502372557
DL,pressure_rate,true,RUN_AND_CLUB_DRILL__peak_speed,64,0.28026556776556777,0.26181476737774034
DL,pressure_rate,true,FORTY_YARD_DASH__mean_speed,52,0.5615982241953384,0.56206952005746
DL,pressure_rate,true,THREE_CONE_DRILL__mean_speed,29,0.4083743842364531,0.5746543683695231
DL,pressure_rate,true,SHORT_ZONE_BREAKS__mean_speed,29,-0.0354679802955665,-0.05910986928776841
DL,pressure_rate,true,FOUR_BAG_AGILITY_DRILL__mean_speed,64,-0.10581501831501831,-0.1218683152777662
DL,pressure_rate,true,BODY_CONTROL_DRILL__mean_speed,64,0.37298534798534794,0.37002852466571884
DL,pressure_rate,true,FRONT_START_WAVE_DRILL_AND_LATERAL_REACTION__mean_speed,64,0.43933150183150177,0.42351169693075685
DL,pressure_rate,true,PASS_RUSH_DRILL__mean_speed,68,0.19990838645646447,0.22067029244259673
DL,pressure_rate,true,BACK_PEDAL_AND_REACT__mean_speed,39,0.10748987854251013,0.10617016645621763
DL,pressure_rate,true,RUN_THE_HOOP_DRILL__mean_speed,62,0.2741054115988013,0.31043170559328886
DL,pressure_rate,true,RUN_AND_CLUB_DRILL__mean_speed,64,0.1262362637362637,0.12984340351047227
DL,pressure_rate,true,FORTY_YARD_DASH__peak_accel,52,0.4120208315546828,0.4574077578546962
DL,pressure_rate,true,THREE_CONE_DRILL__peak_accel,29,0.41674876847290626,0.32419571213532683
DL,pressure_rate,true,SHORT_ZONE_BREAKS__peak_accel,29,0.2162561576354679,0.2925919544152745
DL,pressure_rate,true,FOUR_BAG_AGILITY_DRILL__peak_accel,64,0.3793956043956043,0.35326822555324067
DL,pressure_rate,true,BODY_CONTROL_DRILL__peak_accel,64,0.36735347985347977,0.3364936039018475
DL,pressure_rate,true,FRONT_START_WAVE_DRILL_AND_LATERAL_REACTION__peak_accel,64,0.450091575091575,0.4184663364923254
DL,pressure_rate,true,PASS_RUSH_DRILL__peak_accel,68,0.3378249417872275,0.36933896794225096
DL,pressure_rate,true,BACK_PEDAL_AND_REACT__peak_accel,39,-0.042914979757085026,-0.06215511703584051
DL,pressure_rate,true,RUN_THE_HOOP_DRILL__peak_accel,62,0.47148145350154874,0.5109467858784952
DL,pressure_rate,true,RUN_AND_CLUB_DRILL__peak_accel,64,0.24143772893772894,0.22719765127434852
DL,pressure_rate,true,FORTY_YARD_DASH__peak_long_accel,52,0.40356868436779647,0.44787049137477775
DL,pressure_rate,true,THREE_CONE_DRILL__peak_long_accel,29,0.25418719211822655,0.36259519097632037
DL,pressure_rate,true,SHORT_ZONE_BREAKS__peak_long_accel,29,0.2113300492610837,0.18008410678101863
DL,pressure_rate,true,FOUR_BAG_AGILITY_DRILL__peak_long_accel,64,0.296978021978022,0.27658015774793016
DL,pressure_rate,true,BODY_CONTROL_DRILL__peak_long_accel,64,0.3046703296703296,0.2684420903878625
DL,pressure_rate,true,FRONT_START_WAVE_DRILL_AND_LATERAL_REACTION__peak_long_accel,64,0.3863553113553113,0.35280696181445204
DL,pressure_rate,true,PASS_RUSH_DRILL__peak_long_accel,68,0.30980646638928117,0.32511447688088746
DL,pressure_rate,true,BACK_PEDAL_AND_REACT__peak_long_accel,39,-0.13441295546558704,-0.10290730974548892
DL,pressure_rate,true,RUN_THE_HOOP_DRILL__peak_long_accel,62,0.3390748155422931,0.42971582305255523
DL,pressure_rate,true,RUN_AND_CLUB_DRILL__peak_long_accel,64,0.1999084249084249,0.19598812785691735
DL,pressure_rate,true,FORTY_YARD_DASH__peak_long_decel,52,-0.06625117390933151,-0.05028142271359439
DL,pressure_rate,true,THREE_CONE_DRILL__peak_long_decel,29,0.28275862068965507,0.24332425465030813
DL,pressure_rate,true,SHORT_ZONE_BREAKS__peak_long_decel,29,0.14926108374384234,0.16966163462661668
DL,pressure_rate,true,FOUR_BAG_AGILITY_DRILL__peak_long_decel,64,0.3855311355311355,0.38499282260175505
DL,pressure_rate,true,BODY_CONTROL_DRILL__peak_long_decel,64,0.1597069597069597,0.14310861430264543
DL,pressure_rate,true,FRONT_START_WAVE_DRILL_AND_LATERAL_REACTION__peak_long_decel,64,0.3987179487179487,0.3646531578219426
DL,pressure_rate,true,PASS_RUSH_DRILL__peak_long_decel,68,0.22548383402679692,0.27753700552452115
DL,pressure_rate,true,BACK_PEDAL_AND_REACT__peak_long_decel,39,-0.14696356275303646,-0.15759961737592426
DL,pressure_rate,true,RUN_THE_HOOP_DRILL__peak_long_decel,62,0.2544634987786759,0.22506212247857163
DL,pressure_rate,true,RUN_AND_CLUB_DRILL__peak_long_decel,64,0.12499999999999997,0.1170709497972441
DL,pressure_rate,true,FORTY_YARD_DASH__time_to_peak_speed,52,-0.3519166737812687,-0.3536601034179727
DL,pressure_rate,true,THREE_CONE_DRILL__time_to_peak_speed,29,-0.550246305418719,-0.476139927910658
DL,pressure_rate,true,SHORT_ZONE_BREAKS__time_to_peak_speed,29,-0.001970443349753694,-0.09536666038614279
DL,pressure_rate,true,FOUR_BAG_AGILITY_DRILL__time_to_peak_speed,64,0.13676739926739925,0.12842965773198664
DL,pressure_rate,true,BODY_CONTROL_DRILL__time_to_peak_speed,64,0.06405677655677655,0.03781767234010349
DL,pressure_rate,true,FRONT_START_WAVE_DRILL_AND_LATERAL_REACTION__time_to_peak_speed,64,0.11611721611721611,0.09768006477331954
DL,pressure_rate,true,PASS_RUSH_DRILL__time_to_peak_speed,68,-0.06138107416879795,-0.09712993777285235
DL,pressure_rate,true,BACK_PEDAL_AND_REACT__time_to_peak_speed,39,0.02874493927125506,-0.05014212726979213
DL,pressure_rate,true,RUN_THE_HOOP_DRILL__time_to_peak_speed,62,-0.4156782755407821,-0.42409395452412785
DL,pressure_rate,true,RUN_AND_CLUB_DRILL__time_to_peak_speed,64,-0.4180860805860805,-0.4066914343659013
DL,pressure_rate,true,FORTY_YARD_DASH__total_turn_deg,52,-0.05233501237940749,-0.043974158357685394
DL,pressure_rate,true,THREE_CONE_DRILL__total_turn_deg,29,-0.07586206896551723,-0.06285854677083211
DL,pressure_rate,true,SHORT_ZONE_BREAKS__total_turn_deg,29,0.11625615763546797,0.06656197892922473
DL,pressure_rate,true,FOUR_BAG_AGILITY_DRILL__total_turn_deg,64,-0.028983516483516485,-0.010387124056483992
DL,pressure_rate,true,BODY_CONTROL_DRILL__total_turn_deg,64,0.02527472527472527,0.0023538556238900284
DL,pressure_rate,true,FRONT_START_WAVE_DRILL_AND_LATERAL_REACTION__total_turn_deg,64,0.08479853479853479,0.09673830728529588
DL,pressure_rate,true,PASS_RUSH_DRILL__total_turn_deg,68,0.04122609459098369,0.06764875483821539
DL,pressure_rate,true,BACK_PEDAL_AND_REACT__total_turn_deg,39,0.19048582995951419,0.15491359627794898
DL,pressure_rate,true,RUN_THE_HOOP_DRILL__total_turn_deg,62,-0.27350104505048983,-0.26545229260894204
DL,pressure_rate,true,RUN_AND_CLUB_DRILL__total_turn_deg,64,-0.28869047619047616,-0.2544101880229451
DL,pressure_rate,true,FORTY_YARD_DASH__peak_ang_vel,52,-0.20686416801844104,-0.185365650112572
DL,pressure_rate,true,THREE_CONE_DRILL__peak_ang_vel,29,0.06157635467980294,-0.007273959992463724
DL,pressure_rate,true,SHORT_ZONE_BREAKS__peak_ang_vel,29,0.13497536945812805,0.09327752353031875
DL,pressure_rate,true,FOUR_BAG_AGILITY_DRILL__peak_ang_vel,64,0.01923076923076923,-0.007726654537988111
DL,pressure_rate,true,BODY_CONTROL_DRILL__peak_ang_vel,64,0.06469780219780219,0.03913021312454654
DL,pressure_rate,true,FRONT_START_WAVE_DRILL_AND_LATERAL_REACTION__peak_ang_vel,64,-0.007967032967032966,0.03961531505599872
DL,pressure_rate,true,PASS_RUSH_DRILL__peak_ang_vel,68,0.021376493491621174,0.010455036615888685
DL,pressure_rate,true,BACK_PEDAL_AND_REACT__peak_ang_vel,39,0.15829959514170042,0.15290354655226204
DL,pressure_rate,true,RUN_THE_HOOP_DRILL__peak_ang_vel,62,0.37815718566644,0.3457969628342111
DL,pressure_rate,true,RUN_AND_CLUB_DRILL__peak_ang_vel,64,0.04615384615384615,0.08343345331409847
DL,pressure_rate,true,FORTY_YARD_DASH__speed_at_peak_turn,52,-0.022026807820370527,0.019357156514415167
DL,pressure_rate,true,THREE_CONE_DRILL__speed_at_peak_turn,29,-0.23054187192118217,-0.2356661244321713
DL,pressure_rate,true,SHORT_ZONE_BREAKS__speed_at_peak_turn,29,0.31724137931034474,0.3284591735069465
DL,pressure_rate,true,FOUR_BAG_AGILITY_DRILL__speed_at_peak_turn,64,0.24551282051282047,0.203422642703794
DL,pressure_rate,true,BODY_CONTROL_DRILL__speed_at_peak_turn,64,0.08923992673992673,0.13397278075437294
DL,pressure_rate,true,FRONT_START_WAVE_DRILL_AND_LATERAL_REACTION__speed_at_peak_turn,64,0.11849816849816848,0.0790167893327697
DL,pressure_rate,true,PASS_RUSH_DRILL__speed_at_peak_turn,68,0.11375348322326984,0.14757296585522253
DL,pressure_rate,true,BACK_PEDAL_AND_REACT__speed_at_peak_turn,39,-0.15769230769230771,-0.15789512261720084
DL,pressure_rate,true,RUN_THE_HOOP_DRILL__speed_at_peak_turn,62,-0.1811840547959004,-0.13935658548876728
DL,pressure_rate,true,RUN_AND_CLUB_DRILL__speed_at_peak_turn,64,0.1151098901098901,0.093830471270639
DL,pressure_rate,true,FORTY_YARD_DASH__split_2,52,-0.14547938188337745,-0.2376951175378184
DL,pressure_rate,true,FORTY_YARD_DASH__split_5,52,-0.25322291471015107,-0.3457305117105092
DL,pressure_rate,true,FORTY_YARD_DASH__split_10,52,-0.3704430974131307,-0.4461016208904805
DL,pressure_rate,true,FORTY_YARD_DASH__split_20,52,-0.4901391616152992,-0.517665654659609
DL,pressure_rate,true,FORTY_YARD_DASH__split_40,52,-0.5540852044736616,-0.5616534135392292
DL,pressure_rate,true,FORTY_YARD_DASH__flying_10_speed,52,0.5356441560659096,0.525483368810456
DL,mean_get_off,false,combine_height,68,0.008970492804519602,0.02798531680724879
DL,mean_get_off,false,combine_weight,68,0.6967973432072374,0.7214773956991162
DL,mean_get_off,false,hand_size,68,0.173187769591938,0.19163229337663198
DL,mean_get_off,false,arm_length,68,-0.009695766690842463,0.004902066763497791
DL,mean_get_off,false,wing_span,68,0.03779058670840172,0.04957133959989273
DL,mean_get_off,false,ten_yd_split,53,0.6698113207547168,0.6699816885290256
DL,mean_get_off,false,forty,53,0.7027092404450895,0.6945952115565179
DL,mean_get_off,false,vertical,62,-0.6525395985998841,-0.6509387178039537
DL,mean_get_off,false,broad_jump,60,-0.7463739927757712,-0.7465747507166909
DL,mean_get_off,false,three_cone,26,0.7210256410256409,0.6466734342597473
DL,mean_get_off,false,short_shuttle,25,0.6469230769230768,0.520086008764755
DL,mean_get_off,false,bench_reps,33,0.2025401069518717,0.2171176034452085
DL,mean_get_off,false,ngs_athleticism_score,68,-0.22372790777569948,-0.171410513284681
DL,mean_get_off,false,FORTY_YARD_DASH__duration,52,0.5149833518312985,0.5225171816899316
DL,mean_get_off,false,THREE_CONE_DRILL__duration,29,0.4270935960591132,0.3440591400834255
DL,mean_get_off,false,SHORT_ZONE_BREAKS__duration,29,-0.234975369458128,-0.24669569318765253
DL,mean_get_off,false,FOUR_BAG_AGILITY_DRILL__duration,64,-0.07087912087912086,-0.07084823782848562
DL,mean_get_off,false,BODY_CONTROL_DRILL__duration,64,0.04047619047619047,0.044768378760168814
DL,mean_get_off,false,FRONT_START_WAVE_DRILL_AND_LATERAL_REACTION__duration,64,-0.02353479853479853,-0.010799230516735907
DL,mean_get_off,false,PASS_RUSH_DRILL__duration,68,0.21342138412795358,0.22825646791824453
DL,mean_get_off,false,BACK_PEDAL_AND_REACT__duration,39,-0.1431174089068826,-0.09954091156476076
DL,mean_get_off,false,RUN_THE_HOOP_DRILL__duration,62,0.528896275591146,0.5325272878763736
DL,mean_get_off,false,RUN_AND_CLUB_DRILL__duration,64,0.4228479853479853,0.41878073306561997
DL,mean_get_off,false,FORTY_YARD_DASH__distance,52,-0.06761717749509091,-0.07121861002974339
DL,mean_get_off,false,THREE_CONE_DRILL__distance,29,0.30197044334975365,0.12146530782884143
DL,mean_get_off,false,SHORT_ZONE_BREAKS__distance,29,-0.2113300492610837,-0.18408728835459554
DL,mean_get_off,false,FOUR_BAG_AGILITY_DRILL__distance,64,-0.21423992673992673,-0.20540647245014781
DL,mean_get_off,false,BODY_CONTROL_DRILL__distance,64,-0.06556776556776556,-0.05543732175076337
DL,mean_get_off,false,FRONT_START_WAVE_DRILL_AND_LATERAL_REACTION__distance,64,-0.1927197802197802,-0.17865539675175554
DL,mean_get_off,false,PASS_RUSH_DRILL__distance,68,-0.15475054395541474,-0.15806585261485273
DL,mean_get_off,false,BACK_PEDAL_AND_REACT__distance,39,-0.1965587044534413,-0.19091097373253368
DL,mean_get_off,false,RUN_THE_HOOP_DRILL__distance,62,0.27566669184860615,0.25993107228894285
DL,mean_get_off,false,RUN_AND_CLUB_DRILL__distance,64,0.30164835164835163,0.29300085499292605
DL,mean_get_off,false,FORTY_YARD_DASH__peak_speed,52,-0.6543157175787587,-0.6490677599876414
DL,mean_get_off,false,THREE_CONE_DRILL__peak_speed,29,-0.3743842364532019,-0.30784810335169716
DL,mean_get_off,false,SHORT_ZONE_BREAKS__peak_speed,29,-0.12315270935960589,-0.04938719083568206
DL,mean_get_off,false,FOUR_BAG_AGILITY_DRILL__peak_speed,64,-0.5576923076923076,-0.5449684797937594
DL,mean_get_off,false,BODY_CONTROL_DRILL__peak_speed,64,-0.5572344322344321,-0.5457631570246408
DL,mean_get_off,false,FRONT_START_WAVE_DRILL_AND_LATERAL_REACTION__peak_speed,64,-0.44120879120879114,-0.43069504330955444
DL,mean_get_off,false,PASS_RUSH_DRILL__peak_speed,68,-0.5449860671069205,-0.5408094441378731
DL,mean_get_off,false,BACK_PEDAL_AND_REACT__peak_speed,39,-0.247165991902834,-0.20674093649394573
DL,mean_get_off,false,RUN_THE_HOOP_DRILL__peak_speed,62,-0.5469769081614666,-0.537452133962745
DL,mean_get_off,false,RUN_AND_CLUB_DRILL__peak_speed,64,-0.39739010989010987,-0.38676182138552634
DL,mean_get_off,false,FORTY_YARD_DASH__mean_speed,52,-0.5992486980278323,-0.5985405126359987
DL,mean_get_off,false,THREE_CONE_DRILL__mean_speed,29,-0.044334975369458116,-0.18712086776627293
DL,mean_get_off,false,SHORT_ZONE_BREAKS__mean_speed,29,0.017241379310344827,0.04430068662373362
DL,mean_get_off,false,FOUR_BAG_AGILITY_DRILL__mean_speed,64,-0.021428571428571425,-0.014199339739942791
DL,mean_get_off,false,BODY_CONTROL_DRILL__mean_speed,64,-0.36666666666666664,-0.36248528511882183
DL,mean_get_off,false,FRONT_START_WAVE_DRILL_AND_LATERAL_REACTION__mean_speed,64,-0.33351648351648344,-0.31914241243264185
DL,mean_get_off,false,PASS_RUSH_DRILL__mean_speed,68,-0.3735923960758865,-0.3895049385062942
DL,mean_get_off,false,BACK_PEDAL_AND_REACT__mean_speed,39,-0.10323886639676114,-0.10292981384729329
DL,mean_get_off,false,RUN_THE_HOOP_DRILL__mean_speed,62,-0.341844828888721,-0.36533827416931924
DL,mean_get_off,false,RUN_AND_CLUB_DRILL__mean_speed,64,-0.23896520146520142,-0.24173703648734607
DL,mean_get_off,false,FORTY_YARD_DASH__peak_accel,52,-0.3549048066251174,-0.3902641034190818
DL,mean_get_off,false,THREE_CONE_DRILL__peak_accel,29,-0.3960591133004925,-0.28475671787239976
DL,mean_get_off,false,SHORT_ZONE_BREAKS__peak_accel,29,-0.1364532019704433,-0.2222748943756089
DL,mean_get_off,false,FOUR_BAG_AGILITY_DRILL__peak_accel,64,-0.429532967032967,-0.41519164464636266
DL,mean_get_off,false,BODY_CONTROL_DRILL__peak_accel,64,-0.43800366300366295,-0.42157129127751886
DL,mean_get_off,false,FRONT_START_WAVE_DRILL_AND_LATERAL_REACTION__peak_accel,64,-0.3741758241758241,-0.35165046226140595
DL,mean_get_off,false,PASS_RUSH_DRILL__peak_accel,68,-0.46394625338779244,-0.48526426226733804
DL,mean_get_off,false,BACK_PEDAL_AND_REACT__peak_accel,39,0.0014170040485829958,0.024766419699095356
DL,mean_get_off,false,RUN_THE_HOOP_DRILL__peak_accel,62,-0.41386517589584754,-0.43604542638807137
DL,mean_get_off,false,RUN_AND_CLUB_DRILL__peak_accel,64,-0.3548534798534798,-0.3464143239092958
DL,mean_get_off,false,FORTY_YARD_DASH__peak_long_accel,52,-0.3362930077691454,-0.37043829735603
DL,mean_get_off,false,THREE_CONE_DRILL__peak_long_accel,29,-0.40689655172413786,-0.5544038998089247
DL,mean_get_off,false,SHORT_ZONE_BREAKS__peak_long_accel,29,-0.18128078817733986,-0.14329972192291401
DL,mean_get_off,false,FOUR_BAG_AGILITY_DRILL__peak_long_accel,64,-0.5071886446886447,-0.4980509204115698
DL,mean_get_off,false,BODY_CONTROL_DRILL__peak_long_accel,64,-0.38328754578754576,-0.3642436445825815
DL,mean_get_off,false,FRONT_START_WAVE_DRILL_AND_LATERAL_REACTION__peak_long_accel,64,-0.24409340659340656,-0.21769373568984152
DL,mean_get_off,false,PASS_RUSH_DRILL__peak_long_accel,68,-0.2630072145665534,-0.26984965298462216
DL,mean_get_off,false,BACK_PEDAL_AND_REACT__peak_long_accel,39,-0.004453441295546559,-0.05539153964409984
DL,mean_get_off,false,RUN_THE_HOOP_DRILL__peak_long_accel,62,-0.454911737302007,-0.5215611655257847
DL,mean_get_off,false,RUN_AND_CLUB_DRILL__peak_long_accel,64,-0.23942307692307693,-0.23622088035604666
DL,mean_get_off,false,FORTY_YARD_DASH__peak_long_decel,52,0.05737215060189532,0.04324383595045673
DL,mean_get_off,false,THREE_CONE_DRILL__peak_long_decel,29,-0.5704433497536944,-0.5601670075616629
DL,mean_get_off,false,SHORT_ZONE_BREAKS__peak_long_decel,29,-0.19999999999999996,-0.2346098765991949
DL,mean_get_off,false,FOUR_BAG_AGILITY_DRILL__peak_long_decel,64,-0.2854395604395604,-0.28140707287608013
DL,mean_get_off,false,BODY_CONTROL_DRILL__peak_long_decel,64,-0.1638278388278388,-0.15283361481769872
DL,mean_get_off,false,FRONT_START_WAVE_DRILL_AND_LATERAL_REACTION__peak_long_decel,64,-0.37971611721611714,-0.35767658930944324
DL,mean_get_off,false,PASS_RUSH_DRILL__peak_long_decel,68,-0.08283391228003205,-0.11282601869199087
DL,mean_get_off,false,BACK_PEDAL_AND_REACT__peak_long_decel,39,-0.08663967611336032,-0.08610280605239626
DL,mean_get_off,false,RUN_THE_HOOP_DRILL__peak_long_decel,62,-0.36657349349046864,-0.3500146716139483
DL,mean_get_off,false,RUN_AND_CLUB_DRILL__peak_long_decel,64,-0.270558608058608,-0.2665754067948023
DL,mean_get_off,false,FORTY_YARD_DASH__time_to_peak_speed,52,0.3214377187740118,0.32059160499003103
DL,mean_get_off,false,THREE_CONE_DRILL__time_to_peak_speed,29,0.49113300492610823,0.3933217329174579
DL,mean_get_off,false,SHORT_ZONE_BREAKS__time_to_peak_speed,29,-0.30295566502463045,-0.23725183698936905
DL,mean_get_off,false,FOUR_BAG_AGILITY_DRILL__time_to_peak_speed,64,-0.07573260073260073,-0.06922400783375031
DL,mean_get_off,false,BODY_CONTROL_DRILL__time_to_peak_speed,64,-0.03525641025641025,-0.018313869077990402
DL,mean_get_off,false,FRONT_START_WAVE_DRILL_AND_LATERAL_REACTION__time_to_peak_speed,64,-0.027197802197802195,-0.013162963545466035
DL,mean_get_off,false,PASS_RUSH_DRILL__time_to_peak_speed,68,0.11993739741191738,0.1453379256971556
DL,mean_get_off,false,BACK_PEDAL_AND_REACT__time_to_peak_speed,39,-0.07307692307692308,0.026830142222816544
DL,mean_get_off,false,RUN_THE_HOOP_DRILL__time_to_peak_speed,62,0.5266802649140038,0.5307850526074217
DL,mean_get_off,false,RUN_AND_CLUB_DRILL__time_to_peak_speed,64,0.3181318681318681,0.3074579051184923
DL,mean_get_off,false,FORTY_YARD_DASH__total_turn_deg,52,-0.05916503030820455,-0.06951494599484412
DL,mean_get_off,false,THREE_CONE_DRILL__total_turn_deg,29,0.2118226600985221,0.21119951673286508
DL,mean_get_off,false,SHORT_ZONE_BREAKS__total_turn_deg,29,-0.006403940886699506,0.06740304387079196
DL,mean_get_off,false,FOUR_BAG_AGILITY_DRILL__total_turn_deg,64,0.12490842490842488,0.11512837766854075
DL,mean_get_off,false,BODY_CONTROL_DRILL__total_turn_deg,64,-0.03818681318681318,-0.024155962621905648
DL,mean_get_off,false,FRONT_START_WAVE_DRILL_AND_LATERAL_REACTION__total_turn_deg,64,-0.0152014652014652,-0.02124273723003543
DL,mean_get_off,false,PASS_RUSH_DRILL__total_turn_deg,68,0.0009543077451616595,-0.015744576953158822
DL,mean_get_off,false,BACK_PEDAL_AND_REACT__total_turn_deg,39,0.016599190283400813,0.07861445034205798
DL,mean_get_off,false,RUN_THE_HOOP_DRILL__total_turn_deg,62,0.31102213492483194,0.3047866673560067
DL,mean_get_off,false,RUN_AND_CLUB_DRILL__total_turn_deg,64,0.4424908424908425,0.42600627154129167
DL,mean_get_off,false,FORTY_YARD_DASH__peak_ang_vel,52,-0.06275078972082301,-0.09057860317210797
DL,mean_get_off,false,THREE_CONE_DRILL__peak_ang_vel,29,0.08571428571428569,0.18270879387050473
DL,mean_get_off,false,SHORT_ZONE_BREAKS__peak_ang_vel,29,-0.04679802955665024,0.013598435946404617
DL,mean_get_off,false,FOUR_BAG_AGILITY_DRILL__peak_ang_vel,64,-0.0802197802197802,-0.06533604311506708
DL,mean_get_off,false,BODY_CONTROL_DRILL__peak_ang_vel,64,-0.06593406593406592,-0.049937221035100586
DL,mean_get_off,false,FRONT_START_WAVE_DRILL_AND_LATERAL_REACTION__peak_ang_vel,64,0.0412087912087912,0.011807276472280756
DL,mean_get_off,false,PASS_RUSH_DRILL__peak_ang_vel,68,0.12944230255372752,0.14004337388167748
DL,mean_get_off,false,BACK_PEDAL_AND_REACT__peak_ang_vel,39,-0.01700404858299595,-0.0025705705982465004
DL,mean_get_off,false,RUN_THE_HOOP_DRILL__peak_ang_vel,62,-0.4164840976051976,-0.3973858040358731
DL,mean_get_off,false,RUN_AND_CLUB_DRILL__peak_ang_vel,64,0.01891025641025641,-0.003292044470029917
DL,mean_get_off,false,FORTY_YARD_DASH__speed_at_peak_turn,52,0.1144028003073508,0.08266884860817114
DL,mean_get_off,false,THREE_CONE_DRILL__speed_at_peak_turn,29,0.009359605911330046,-0.0036028612127434042
DL,mean_get_off,false,SHORT_ZONE_BREAKS__speed_at_peak_turn,29,0.034482758620689655,0.06068061998385074
DL,mean_get_off,false,FOUR_BAG_AGILITY_DRILL__speed_at_peak_turn,64,-0.0907051282051282,-0.06121221652362729
DL,mean_get_off,false,BODY_CONTROL_DRILL__speed_at_peak_turn,64,-0.17889194139194137,-0.20856904455239592
DL,mean_get_off,false,FRONT_START_WAVE_DRILL_AND_LATERAL_REACTION__speed_at_peak_turn,64,-0.11300366300366299,-0.0873673701019199
DL,mean_get_off,false,PASS_RUSH_DRILL__speed_at_peak_turn,68,-0.2374699393060274,-0.26262828694767504
DL,mean_get_off,false,BACK_PEDAL_AND_REACT__speed_at_peak_turn,39,-0.09170040485829961,-0.10597618941477464
DL,mean_get_off,false,RUN_THE_HOOP_DRILL__speed_at_peak_turn,62,0.2487723804487422,0.2242154785269014
DL,mean_get_off,false,RUN_AND_CLUB_DRILL__speed_at_peak_turn,64,-0.15695970695970696,-0.14362154521431972
DL,mean_get_off,false,FORTY_YARD_DASH__split_2,52,-0.06351916673781269,0.0005386071199177823
DL,mean_get_off,false,FORTY_YARD_DASH__split_5,52,0.060360283445744047,0.12709257536607607
DL,mean_get_off,false,FORTY_YARD_DASH__split_10,52,0.2502347818663024,0.3084948397011889
DL,mean_get_off,false,FORTY_YARD_DASH__split_20,52,0.45026893195594636,0.470535440499455
DL,mean_get_off,false,FORTY_YARD_DASH__split_40,52,0.5836250320157089,0.5885324456661672
DL,mean_get_off,false,FORTY_YARD_DASH__flying_10_speed,52,-0.6643046187996243,-0.658273490976747
